first_name,last_name,email,car_make,car_model,car_year,car_price
Lana,Congram,lcongram0@msn.com,Buick,Skylark,1993,202655253417
Ora,Kroll,okroll1@loc.gov,GMC,Rally Wagon 3500,1993,344003770364
Aprilette,Enion,aenion2@yahoo.co.jp,Suzuki,Samurai,1995,378961350219
Mirella,Brolan,mbrolan3@cnbc.com,Chevrolet,Express 3500,2004,685417374034
Gerry,Hollerin,ghollerin4@dailymail.co.uk,Chevrolet,Equinox,2007,904621933042
Pollyanna,Blazek,pblazek5@google.com.hk,Honda,Civic,2007,720341914457
Tallulah,Ferruzzi,tferruzzi6@privacy.gov.au,Mitsubishi,Challenger,2002,802687006586
Dalila,Laycock,dlaycock7@nbcnews.com,Subaru,Legacy,2007,974593121738
Dalis,Saggers,dsaggers8@ed.gov,Ford,F-Series,1985,26224524069
Joanne,Gumby,jgumby9@miitbeian.gov.cn,Nissan,Sentra,2011,113376339965
Micky,Tramel,mtramela@indiatimes.com,Pontiac,Bonneville,1967,130149290110
Ruthe,Tunnah,rtunnahb@sogou.com,Lexus,LX,2010,932875379401
Arnie,Roebuck,aroebuckc@shinystat.com,BMW,X6,2010,189875771140
Dottie,Doogue,ddoogued@networkadvertising.org,BMW,Z4,2010,959968282082
Alfy,Painten,apaintene@latimes.com,Dodge,Ram Van 1500,1997,427690645878
Theobald,Padilla,tpadillaf@exblog.jp,Lamborghini,Diablo,1996,80324225527
Regan,McCaster,rmccasterg@163.com,Chevrolet,Silverado 1500,2003,12242530756
Bernete,Moss,bmossh@ustream.tv,Land Rover,Discovery,1994,597436021763
Emelyne,Pendre,ependrei@jimdo.com,Mitsubishi,Pajero,1997,735736817131
Vida,Menlove,vmenlovej@comsenz.com,Mitsubishi,Galant,2010,30417656905
Nona,Hambers,nhambersk@bloglines.com,Acura,RL,2001,77341777694
Danni,Tupling,dtuplingl@uiuc.edu,Hyundai,Elantra,2001,657726431820
Keeley,Binning,kbinningm@rediff.com,Toyota,Camry Solara,2007,130378815477
Donni,Degoy,ddegoyn@altervista.org,Ford,Flex,2013,720519989376
Ringo,Goodier,rgoodiero@soundcloud.com,Kia,Sephia,1996,793196544159
Kathy,Curness,kcurnessp@disqus.com,Subaru,XT,1991,897411354593
Kinnie,Flasby,kflasbyq@youku.com,Mercedes-Benz,SL-Class,2005,822123238121
Phaedra,Sleigh,psleighr@twitpic.com,Maybach,57,2009,71156901181
Mollee,Elphick,melphicks@dot.gov,Chevrolet,Uplander,2006,157977936780
Randene,Brotherhed,rbrotherhedt@odnoklassniki.ru,Saab,9000,1998,555307101612
Virgilio,Gheraldi,vgheraldiu@twitter.com,Volkswagen,Golf,1984,639081675916
Barnie,Dainty,bdaintyv@webs.com,Mitsubishi,Outlander Sport,2012,808320513129
Curry,Grimsell,cgrimsellw@chron.com,Mazda,Mazdaspeed 3,2008,21332424613
Jorey,Gwynne,jgwynnex@edublogs.org,Audi,Allroad,2001,289143782376
Danyette,Fitton,dfittony@mapy.cz,Dodge,Caravan,1992,398319411112
Tina,Sam,tsamz@umich.edu,Honda,Accord Crosstour,2011,763116027616
Imelda,Connew,iconnew10@soundcloud.com,Acura,TL,2001,586463956463
Carolan,Hassey,chassey11@ask.com,Ford,F-Series Super Duty,2009,732071617147
Mycah,Cosford,mcosford12@list-manage.com,Lexus,SC,1995,228052088510
Abigale,Pedley,apedley13@techcrunch.com,Maserati,Coupe,2006,642384210722
Karney,Gentiry,kgentiry14@unc.edu,Chevrolet,Express 2500,2009,920719637086
Lezlie,Jone,ljone15@statcounter.com,Suzuki,Swift,1996,915615314141
Eward,Peedell,epeedell16@devhub.com,Chevrolet,Suburban 1500,2006,472455850966
Lockwood,Learie,llearie17@about.me,Mercury,Sable,1993,988280433293
Mary,Danes,mdanes18@unesco.org,Mercedes-Benz,SL-Class,2002,732502730597
Emelen,Gurden,egurden19@virginia.edu,Dodge,Ram 3500,2004,496853787438
Waylen,Boodell,wboodell1a@mlb.com,Mazda,Mazda5,2007,915298806011
Hendrika,Anker,hanker1b@freewebs.com,Toyota,RAV4,2005,722573321354
Alexandr,Clissell,aclissell1c@posterous.com,Chevrolet,Corvette,2009,184478314924
Janice,Kinch,jkinch1d@acquirethisname.com,Honda,Insight,2003,438263618313
Jania,Midden,jmidden1e@nymag.com,Toyota,Matrix,2012,457674840002
Catina,Rack,crack1f@homestead.com,Pontiac,Bonneville,1993,506610456395
Corri,Lacelett,clacelett1g@mapy.cz,Pontiac,Vibe,2003,3460224923
Herminia,Szubert,hszubert1h@hibu.com,Chevrolet,Silverado,2011,120807078721
Correy,Beardsworth,cbeardsworth1i@bloomberg.com,Toyota,Tacoma Xtra,1999,922166770402
Shari,Guerry,sguerry1j@usnews.com,Ford,Ranger,2002,238058973169
Edmon,Spandley,espandley1k@google.pl,Aston Martin,V8 Vantage,2012,18821386357
Selestina,Bensley,sbensley1l@gizmodo.com,Lotus,Esprit,1998,891051532489
Mattheus,Duker,mduker1m@desdev.cn,Jeep,Commander,2010,87597969905
Rufus,Cawley,rcawley1n@bluehost.com,Ford,Ranger,1990,183509318471
Jenifer,Sebring,jsebring1o@dot.gov,Mercedes-Benz,SLK-Class,2004,236170432892
Merlina,Gascone,mgascone1p@amazon.co.jp,Oldsmobile,Bravada,1997,916525910672
Agnola,Thairs,athairs1q@networkadvertising.org,Mitsubishi,Tredia,1984,994088416316
Herschel,Tibald,htibald1r@goodreads.com,Mitsubishi,Galant,1990,155124556536
Aurlie,Bodd,abodd1s@youku.com,Subaru,Justy,1989,983524553563
Sandor,Swin,sswin1t@wordpress.org,Bentley,Arnage,2008,916343671332
Willdon,Westfield,wwestfield1u@surveymonkey.com,Plymouth,Voyager,1985,205657723312
Shayne,Mooney,smooney1v@phpbb.com,Lotus,Esprit,2003,269534612057
Sela,Reinhardt,sreinhardt1w@icio.us,Volkswagen,Jetta,1998,506941969816
Tobias,Autrie,tautrie1x@narod.ru,Chevrolet,Camaro,1975,605889088710
Mela,Pietron,mpietron1y@facebook.com,Volkswagen,Touareg 2,2008,111319619391
Jeramey,Thorouggood,jthorouggood1z@macromedia.com,Honda,Accord,1991,784520476260
Rodger,Kubyszek,rkubyszek20@ca.gov,Morgan,Aero 8,2009,269970868774
Malorie,Ollier,mollier21@mlb.com,Lexus,ES,1991,752399270762
Danell,Keasley,dkeasley22@devhub.com,Mitsubishi,Outlander,2011,85895958825
Danica,Counihan,dcounihan23@ovh.net,Chrysler,Sebring,2006,395882788017
Guss,Tortice,gtortice24@slideshare.net,Dodge,Ram Van 3500,1999,430507449420
Roderick,Tacon,rtacon25@accuweather.com,Nissan,Maxima,1998,995386364445
Tabbitha,Tegeller,ttegeller26@dedecms.com,Studebaker,Avanti,1961,640889955719
Thelma,Barrows,tbarrows27@senate.gov,Chrysler,300M,2001,376251137122
Benedicta,Malatalant,bmalatalant28@blog.com,Alfa Romeo,Spider,1994,821980281783
Dalis,Arents,darents29@cloudflare.com,Chevrolet,Suburban 1500,2011,905583596402
Peder,Vasyutichev,pvasyutichev2a@myspace.com,Chevrolet,Express 2500,2005,435688708699
Ethelyn,Cubley,ecubley2b@apple.com,Dodge,Viper,2004,25476422870
Tracie,Garrity,tgarrity2c@wiley.com,Volvo,940,1993,228163062966
Janis,Wagen,jwagen2d@dailymotion.com,Chevrolet,S10,2002,890382310634
Kaitlynn,Vasnetsov,kvasnetsov2e@slate.com,Bentley,Azure,2007,523734757455
Ulrica,Cristofor,ucristofor2f@cargocollective.com,Volkswagen,Passat,2004,199220829210
Ann,Dunbabin,adunbabin2g@netscape.com,Mercedes-Benz,CLS-Class,2008,396596285628
Jeremiah,Daveran,jdaveran2h@jigsy.com,Toyota,Highlander,2010,11304950804
Harris,Everly,heverly2i@sciencedirect.com,Aston Martin,DB9,2011,334483393592
Faustine,Daid,fdaid2j@pagesperso-orange.fr,Daewoo,Lanos,1999,413488308588
Trent,Goede,tgoede2k@purevolume.com,Mazda,Mazda6,2010,63486487892
Genevieve,Le Bosse,glebosse2l@vk.com,Toyota,Celica,2003,827547908826
Herold,O'Crotty,hocrotty2m@biblegateway.com,Honda,Odyssey,2008,291136765271
Charmian,Hamblen,chamblen2n@pen.io,Ford,Falcon,1967,471928968988
Willard,Ritchley,writchley2o@amazon.de,Dodge,Caliber,2009,942517452727
Dixie,Ferras,dferras2p@gnu.org,GMC,Yukon XL 2500,2006,622878402331
Raffarty,Jamrowicz,rjamrowicz2q@vimeo.com,Mitsubishi,Montero Sport,1999,69420444357
Ignatius,Longina,ilongina2r@blogtalkradio.com,Toyota,Celica,1997,531419076349
Vergil,Tanzig,vtanzig2s@shutterfly.com,GMC,Savana 2500,2010,240232810468
Elora,Le Blanc,eleblanc2t@csmonitor.com,Toyota,Paseo,1994,153050867269
Tori,Boyde,tboyde2u@senate.gov,Dodge,Ram 3500,2008,556353722067
Darelle,Farthin,dfarthin2v@usa.gov,Ford,Aerostar,1989,929665219394
Phyllida,Deshorts,pdeshorts2w@wix.com,Mitsubishi,Chariot,1994,576545670843
Arnoldo,Hamblyn,ahamblyn2x@comcast.net,Porsche,914,1970,926155425819
Joice,Reilly,jreilly2y@google.it,Hyundai,Santa Fe,2010,988069998220
Marty,Forsdyke,mforsdyke2z@netvibes.com,Dodge,Ram 3500,2001,458775166024
Hamish,Clover,hclover30@devhub.com,GMC,Savana 3500,2011,777830096228
Joceline,Dunkerton,jdunkerton31@sohu.com,Lexus,LX,2000,45996262749
Marilee,Petric,mpetric32@histats.com,Audi,RS 6,2003,342733279876
Ikey,Mossbee,imossbee33@quantcast.com,Volvo,C70,2004,994816727647
Marchall,Garbar,mgarbar34@upenn.edu,BMW,760,2006,391699535459
Marnia,Fishenden,mfishenden35@sfgate.com,Cadillac,CTS,2012,847961780427
Patsy,Coaster,pcoaster36@nyu.edu,Acura,RDX,2008,324212894227
Ebenezer,Egell,eegell37@networksolutions.com,Ford,Escape,2001,237666326627
Shawn,Hanratty,shanratty38@cbslocal.com,Honda,Accord,1998,675080960903
Laural,Creeboe,lcreeboe39@miibeian.gov.cn,Pontiac,Firefly,1988,106503865966
Ebba,Wallhead,ewallhead3a@cbsnews.com,Dodge,Dakota,2009,658665475473
Deck,Palfrey,dpalfrey3b@yahoo.co.jp,Hyundai,Santa Fe,2007,974335280450
Farrell,Meugens,fmeugens3c@istockphoto.com,Honda,Civic,2008,843798223874
Lynda,Temby,ltemby3d@discuz.net,Mercedes-Benz,S-Class,2004,265166608145
Gladys,Bortolozzi,gbortolozzi3e@opera.com,Chevrolet,Express 3500,1998,561855885967
Giorgi,Murfin,gmurfin3f@alibaba.com,Buick,Enclave,2009,992361422956
Janos,Kramer,jkramer3g@cargocollective.com,Honda,Fit,2012,253122105528
Chiarra,Pulhoster,cpulhoster3h@wikispaces.com,Honda,Odyssey,2008,590728705627
Dorothee,Kensington,dkensington3i@bloomberg.com,Volvo,V40,2001,170595147610
Ambros,Parfitt,aparfitt3j@goo.ne.jp,Chevrolet,Express 2500,2004,405579763268
Judas,Osbaldeston,josbaldeston3k@mediafire.com,Chevrolet,G-Series G20,1992,144469850929
Emmaline,Ornils,eornils3l@technorati.com,BMW,7 Series,2004,527617084241
Bank,Jacklings,bjacklings3m@deliciousdays.com,Chevrolet,Express 1500,2003,203242380805
Chelsea,Kayne,ckayne3n@unesco.org,Lamborghini,Murciélago,2010,956663962389
Leelah,Hillyatt,lhillyatt3o@ow.ly,Hyundai,Accent,2010,39580972943
Fairfax,Tardiff,ftardiff3p@surveymonkey.com,GMC,1500 Club Coupe,1999,428194126937
Layton,Schimke,lschimke3q@booking.com,Dodge,Stratus,2006,870449210763
Dorian,Axtens,daxtens3r@bigcartel.com,Toyota,MR2,1992,490726510213
Rosetta,Regi,rregi3s@google.de,Pontiac,Grand Prix,2008,481845942631
Crystal,Goalley,cgoalley3t@amazon.co.jp,GMC,3500,1998,522535887649
Amelita,Durdan,adurdan3u@tmall.com,Chevrolet,Avalanche 1500,2002,453807795297
Godard,Eilles,geilles3v@tuttocitta.it,Ford,Taurus,1989,718965649758
Cecil,Dugald,cdugald3w@un.org,Plymouth,Neon,2001,598150536727
Nelly,Rispin,nrispin3x@harvard.edu,Chrysler,300,2012,913843967449
Diandra,Lambswood,dlambswood3y@devhub.com,Cadillac,Escalade,2008,994929933791
Harvey,Forge,hforge3z@dmoz.org,Mercedes-Benz,S-Class,2010,332844966876
Winston,Scarlin,wscarlin40@php.net,Mitsubishi,L300,1987,501409466552
Babbette,Pavy,bpavy41@digg.com,Pontiac,Aztek,2003,955340807384
Burl,Davidoff,bdavidoff42@deliciousdays.com,Volkswagen,Cabriolet,2002,385605435765
Tito,Gosenell,tgosenell43@nytimes.com,Dodge,Grand Caravan,1994,812417107925
Nichole,Ferrai,nferrai44@dell.com,Scion,xB,2008,156888683183
Melinda,Swadlinge,mswadlinge45@tamu.edu,Ford,Escort,1993,790353481928
Opalina,Domnick,odomnick46@mozilla.org,Mercedes-Benz,300SL,1992,571555221047
Brennan,Crann,bcrann47@cpanel.net,Mazda,MPV,1997,664056714323
Natka,Saltwell,nsaltwell48@fc2.com,Lincoln,Town Car,2011,56643097423
Bren,Cammish,bcammish49@istockphoto.com,Volvo,S80,2004,687359493836
Aluino,Cashley,acashley4a@sogou.com,Nissan,Maxima,1997,854276384658
Forest,Sellors,fsellors4b@dailymotion.com,Chevrolet,Corvette,2001,154155311793
Nealson,Cant,ncant4c@technorati.com,Honda,Accord,1989,896327533645
Nicholle,Barclay,nbarclay4d@infoseek.co.jp,Dodge,Ram 2500 Club,1998,715088016794
Lillian,Woollhead,lwoollhead4e@unesco.org,Cadillac,Seville,2003,595961680238
Jamie,Shurrocks,jshurrocks4f@ucla.edu,Oldsmobile,Cutlass Supreme,1994,182467343791
Wyatan,Simonnin,wsimonnin4g@mozilla.org,Ford,Escort,1987,465520808966
Logan,Kingsnoad,lkingsnoad4h@weibo.com,Oldsmobile,Cutlass Supreme,1994,269879084349
Carny,Tsar,ctsar4i@shop-pro.jp,Porsche,Cayman,2007,781929645220
Norman,Benham,nbenham4j@slideshare.net,Toyota,Tacoma,2004,31577998897
Joan,Blowick,jblowick4k@mit.edu,Saturn,S-Series,2001,273096618092
Pauly,Robjents,probjents4l@arizona.edu,Ford,F250,2001,323324631405
Wain,Loveredge,wloveredge4m@ovh.net,Toyota,Celica,1976,309938307882
Cooper,O'Donegan,codonegan4n@admin.ch,Land Rover,Discovery,2004,18968120553
Virgina,Blacksell,vblacksell4o@reverbnation.com,Ford,Focus,2008,155729876925
Siusan,Cairns,scairns4p@slideshare.net,Oldsmobile,Cutlass,1998,828983630166
Dene,Francescuccio,dfrancescuccio4q@bing.com,Toyota,Highlander,2010,417219613813
Joaquin,Reddick,jreddick4r@etsy.com,Oldsmobile,LSS,1998,770826716921
Riccardo,Nornasell,rnornasell4s@twitpic.com,Volvo,C30,2013,741225157862
Beniamino,Zamboniari,bzamboniari4t@soundcloud.com,Lincoln,MKT,2011,855061238184
Abraham,Divell,adivell4u@cnet.com,GMC,Sierra,2008,292466275298
Hewitt,Boother,hboother4v@linkedin.com,Toyota,4Runner,2005,284282712147
Madelyn,Auchterlonie,mauchterlonie4w@odnoklassniki.ru,Mitsubishi,Diamante,1993,371563069986
Sondra,Guidoni,sguidoni4x@fema.gov,Dodge,Aspen,1976,255722758003
Demetria,Allbones,dallbones4y@fema.gov,Hyundai,Sonata,2004,903398158745
Tasha,Dorey,tdorey4z@tripod.com,Bentley,Mulsanne,2011,190030525762
Izak,Balme,ibalme50@nyu.edu,Volkswagen,Eos,2008,792292241694
Dianna,Ranscombe,dranscombe51@pen.io,Subaru,Alcyone SVX,1996,410924654636
Rose,Seymark,rseymark52@japanpost.jp,Chevrolet,Express 2500,1997,781758498235
Morissa,Spybey,mspybey53@bloglines.com,Mitsubishi,Outlander,2005,184773272211
Alonso,Brentnall,abrentnall54@columbia.edu,Chrysler,LeBaron,1992,975890414325
Hugues,Cardillo,hcardillo55@mashable.com,Audi,S4,2008,712164664695
Hilly,Fenn,hfenn56@home.pl,BMW,7 Series,2008,630256599907
Clovis,Gandar,cgandar57@arstechnica.com,Lexus,SC,2006,4145619769
Marley,Deegin,mdeegin58@examiner.com,Audi,A6,1995,171624292628
Arnuad,Barnson,abarnson59@wp.com,Dodge,Ram 2500 Club,1997,291345864705
Desmund,Blight,dblight5a@nsw.gov.au,GMC,Jimmy,1997,576199669363
Nigel,Sparshott,nsparshott5b@mozilla.org,Mercedes-Benz,SL-Class,2009,196536682241
Karlik,Westrip,kwestrip5c@pagesperso-orange.fr,Buick,Skyhawk,1987,947956600546
Blake,McGuinness,bmcguinness5d@ibm.com,Mitsubishi,Eclipse,1991,76516171412
Sibel,Dawtre,sdawtre5e@mac.com,Mazda,Familia,1992,651545833752
Eward,Benyan,ebenyan5f@yahoo.com,Mercedes-Benz,CLS-Class,2011,756009322059
Bertha,Barbera,bbarbera5g@xinhuanet.com,Volkswagen,Jetta,1993,894410234046
Duffie,Herculson,dherculson5h@nytimes.com,Hyundai,Sonata,1994,341640276838
Philip,Stains,pstains5i@archive.org,Chevrolet,Camaro,1979,79975328968
Faina,Atton,fatton5j@netvibes.com,Volkswagen,Passat,2006,431997505174
Tasia,Bilham,tbilham5k@flavors.me,Ford,E-Series,1990,995411972046
Darline,Caesman,dcaesman5l@biglobe.ne.jp,Jaguar,XK,2006,688259492481
Chrissy,Brandreth,cbrandreth5m@sbwire.com,Lexus,LS,2007,227100382577
Emili,O'Hare,eohare5n@technorati.com,Maserati,Quattroporte,2012,609260609155
Charles,Dyshart,cdyshart5o@shareasale.com,Ford,E150,2012,347320365369
Chet,Torpie,ctorpie5p@princeton.edu,GMC,1500,1994,47827325650
Caressa,Ghiroldi,cghiroldi5q@europa.eu,Mercedes-Benz,CL-Class,2011,569338432171
Lorry,Bursnall,lbursnall5r@nyu.edu,Isuzu,Rodeo,1994,240511695627
Oralla,Bend,obend5s@g.co,Eagle,Talon,1990,243422516919
Lillis,Dalgarno,ldalgarno5t@pcworld.com,Mazda,Mazda3,2010,205890584090
Brendan,Turnell,bturnell5u@wiley.com,Lincoln,Town Car,1995,501734771055
Joan,Scarlan,jscarlan5v@ovh.net,Lexus,LX,2013,334621134252
Joyce,Farey,jfarey5w@hubpages.com,Audi,90,1994,454448455887
Stephan,Bidgood,sbidgood5x@fotki.com,Saturn,VUE,2002,365025331066
Tildy,Timbs,ttimbs5y@github.com,Volkswagen,Type 2,1985,354450383509
Guillema,Stemp,gstemp5z@printfriendly.com,BMW,X3,2008,207112573205
Towney,Marklin,tmarklin60@diigo.com,Dodge,Viper,1995,561128694906
Gisela,Agerskow,gagerskow61@hatena.ne.jp,Cadillac,Escalade,2002,754719447865
Arnoldo,McIlheran,amcilheran62@vinaora.com,Acura,RL,2010,851180694993
Terence,Tinkham,ttinkham63@usgs.gov,Oldsmobile,98,1996,243191711033
Juli,Loughney,jloughney64@wikipedia.org,Toyota,Tacoma,2003,724030062561
Augy,Gayther,agayther65@businessinsider.com,Pontiac,6000,1985,848974363161
Shanie,Valadez,svaladez66@army.mil,Nissan,Pathfinder,1997,301433293092
Corena,Dandie,cdandie67@bloomberg.com,Porsche,Cayman,2009,820121443918
Wally,Nuttall,wnuttall68@github.com,Dodge,Stratus,2000,976813364102
Janessa,Larcher,jlarcher69@stumbleupon.com,Mercury,Cougar,1986,278247195145
Dniren,Holyland,dholyland6a@who.int,Kia,Sorento,2007,986506766233
Deva,Dimnage,ddimnage6b@ustream.tv,Mercury,Capri,1986,463531566041
Ashly,Grutchfield,agrutchfield6c@live.com,Honda,Ridgeline,2011,836191202277
Jaynell,Sizzey,jsizzey6d@mlb.com,Mazda,MX-5,2009,564746716465
Bonita,Farrent,bfarrent6e@yelp.com,Ford,Fusion,2010,954328940042
Jolyn,Reckhouse,jreckhouse6f@feedburner.com,Infiniti,QX56,2008,59062734616
Conway,McKnish,cmcknish6g@instagram.com,Mazda,626,1999,346809781261
Denni,Byford,dbyford6h@macromedia.com,Toyota,Avalon,2009,646223605037
Hillyer,Merriday,hmerriday6i@netvibes.com,Ford,Econoline E350,1993,950435464139
Marnia,Cruise,mcruise6j@yahoo.com,GMC,Yukon,1997,529748712901
Rheta,Holywell,rholywell6k@salon.com,Dodge,Shadow,1993,169239486447
Estella,Rampage,erampage6l@house.gov,Nissan,Murano,2003,568973323719
Yettie,Carnihan,ycarnihan6m@yellowbook.com,GMC,Envoy XL,2006,414253057212
Emilia,Lung,elung6n@furl.net,Volkswagen,Touareg,2010,231389716085
Merilee,Cardew,mcardew6o@nature.com,Ford,Aerostar,1986,386898878415
Giraldo,Daelman,gdaelman6p@squidoo.com,GMC,Yukon,2004,679364450090
Ianthe,Blunkett,iblunkett6q@bbc.co.uk,Chevrolet,Express 2500,1996,257236410298
Dode,Grigson,dgrigson6r@hostgator.com,Oldsmobile,Bravada,2002,927184505016
Iolande,Foley,ifoley6s@bluehost.com,Suzuki,Forenza,2006,181043196923
Toddie,Spiteri,tspiteri6t@salon.com,Honda,Civic,1996,556826728240
Claudell,Phlippi,cphlippi6u@ehow.com,Jaguar,XJ,2011,443614606777
Marj,Adamkiewicz,madamkiewicz6v@4shared.com,Chevrolet,Tracker,2002,786405251449
Jean,Desesquelle,jdesesquelle6w@jiathis.com,Oldsmobile,88,1992,479776038161
Giffard,McLardie,gmclardie6x@meetup.com,Chevrolet,Blazer,2001,535141633360
Robin,Horrod,rhorrod6y@angelfire.com,Ford,Aspire,1995,630601214563
Olia,Descroix,odescroix6z@gravatar.com,Ford,Focus,2012,822069141343
Sander,Meir,smeir70@1688.com,Mercury,Villager,1994,513959657448
Sashenka,Tothacot,stothacot71@java.com,Lexus,GX,2003,306787097980
Hieronymus,Bennion,hbennion72@upenn.edu,Volkswagen,Jetta III,1993,108506000006
Izaak,Busst,ibusst73@fotki.com,Suzuki,Sidekick,1990,567722598499
Renelle,Saxon,rsaxon74@chronoengine.com,Chevrolet,Aveo,2011,681270961434
Erina,Yanele,eyanele75@cbsnews.com,Chevrolet,Lumina APV,1993,424225036984
Addy,Krause,akrause76@mysql.com,Bentley,Continental GTC,2012,578186806779
Francklin,Fisby,ffisby77@home.pl,Infiniti,G,1994,291961082902
Denys,Wickey,dwickey78@trellian.com,Dodge,Dakota Club,1994,29677790394
Rorke,Revel,rrevel79@unblog.fr,Ford,Transit Connect,2011,932170492882
Jessalyn,Castagno,jcastagno7a@sfgate.com,Subaru,Impreza,2011,989942206765
Kendrick,Olek,kolek7b@hugedomains.com,Volvo,S60,2012,259120620179
Maurizio,Greig,mgreig7c@flickr.com,Cadillac,STS,2010,560643808934
Hazel,Ingreda,hingreda7d@ucoz.ru,Toyota,FJ Cruiser,2008,303546499834
Tonye,Seed,tseed7e@constantcontact.com,Jeep,Compass,2009,740677400009
Ingeberg,Brundle,ibrundle7f@qq.com,Subaru,SVX,1992,574365272428
Bobbette,Challicombe,bchallicombe7g@rambler.ru,Dodge,Ram Van 3500,1999,911528155263
Gabriella,Sleet,gsleet7h@vk.com,Buick,Verano,2012,193130336899
Ansel,Hallewell,ahallewell7i@tuttocitta.it,Mitsubishi,Cordia,1985,282731049880
Granville,Cyples,gcyples7j@mlb.com,Cadillac,STS,2006,780961950347
Kinnie,Kristufek,kkristufek7k@devhub.com,Isuzu,Rodeo,2004,550998906948
Luella,Staining,lstaining7l@netscape.com,Dodge,Intrepid,2003,420924181923
Dewain,Soanes,dsoanes7m@cmu.edu,Mercury,Mountaineer,2005,441202289181
Lilli,Plumtree,lplumtree7n@toplist.cz,Mitsubishi,Chariot,1989,609596529051
Elisha,Buss,ebuss7o@berkeley.edu,Volkswagen,Jetta,2009,714703814046
Marianne,Shephard,mshephard7p@deviantart.com,Mercedes-Benz,R-Class,2010,932383660165
Kerby,Hanstock,khanstock7q@gravatar.com,Spyker,C8 Spyder,2004,926054874715
Luis,Worham,lworham7r@businessinsider.com,Infiniti,EX,2012,124083605002
Alexine,Giff,agiff7s@ebay.com,Dodge,Ram 1500,2010,934974470079
Ingmar,Guyer,iguyer7t@umich.edu,Mercedes-Benz,S-Class,2001,974659064321
Britta,de Quincey,bdequincey7u@comcast.net,Volkswagen,Golf,1989,738667574911
Allie,Sked,asked7v@jiathis.com,Mercury,Milan,2011,152279157014
Sibylla,Sullivan,ssullivan7w@rediff.com,Ford,Tempo,1984,787277152912
Gray,Duker,gduker7x@blogspot.com,Dodge,Stratus,2005,654036913311
Conni,Ancliffe,cancliffe7y@hhs.gov,Nissan,Altima,1995,792235582932
Karlene,Beddin,kbeddin7z@over-blog.com,Mercury,Sable,1995,9752588669
Alford,Wedon,awedon80@redcross.org,Kia,Sportage,1997,387152878336
Hal,Rourke,hrourke81@diigo.com,Mitsubishi,Diamante,2000,483344197232
Travers,Dalmon,tdalmon82@google.nl,Volvo,XC70,2012,899354615561
Nanette,Canton,ncanton83@amazon.com,Lexus,LS,2011,964582439346
Hephzibah,Andre,handre84@opensource.org,Mitsubishi,RVR,1994,942910845894
Kiley,Di Ruggero,kdiruggero85@symantec.com,Maserati,Quattroporte,1985,596703665583
Fiona,Guilleton,fguilleton86@theatlantic.com,Saab,9-7X,2008,198840852443
Janith,Ferrara,jferrara87@usnews.com,Infiniti,FX,2004,401268813676
Odilia,Spyvye,ospyvye88@google.co.jp,Hyundai,Scoupe,1992,773765652319
Karon,Stag,kstag89@bandcamp.com,Volvo,S40,2008,368892769668
Dev,Ridhole,dridhole8a@illinois.edu,GMC,Savana,2010,215352319310
Josiah,Matteo,jmatteo8b@sciencedaily.com,Chevrolet,Equinox,2011,970467751993
Sabrina,Nichols,snichols8c@ftc.gov,Chevrolet,Uplander,2008,150922587323
Lorine,D'Alesco,ldalesco8d@reuters.com,Audi,Q7,2011,998413341160
Gerri,Newborn,gnewborn8e@ca.gov,Chrysler,Crossfire,2007,235190012261
Raimund,Tolwood,rtolwood8f@slashdot.org,Volkswagen,Routan,2009,734886061071
Vittoria,Gridon,vgridon8g@sbwire.com,Mercedes-Benz,CLS-Class,2012,647032270718
Hendrik,Gourlay,hgourlay8h@yelp.com,Jaguar,XK Series,2002,738291655547
Barbabra,Christopher,bchristopher8i@newyorker.com,Nissan,Altima,2008,261280468418
Corie,Cockshott,ccockshott8j@hexun.com,Mercury,Sable,1986,785142275822
Viviene,Demicoli,vdemicoli8k@facebook.com,Chrysler,Crossfire,2005,398955937170
Ted,Tefft,ttefft8l@imgur.com,Toyota,Camry,2001,390090163895
Warde,Jarad,wjarad8m@icq.com,Cadillac,Escalade ESV,2010,665051591270
Reidar,Sayers,rsayers8n@tuttocitta.it,GMC,Savana,2012,743823163799
Bathsheba,Tanguy,btanguy8o@wp.com,Mitsubishi,Starion,1989,262335201759
Cherry,Stollwerck,cstollwerck8p@altervista.org,Honda,Element,2011,730672022712
Orran,Sizland,osizland8q@springer.com,Eagle,Vision,1993,1330252687
Bernardo,Cleminson,bcleminson8r@craigslist.org,Dodge,Ram 3500,1997,816573303840
Ariel,Oxborrow,aoxborrow8s@nps.gov,Hyundai,Azera,2011,900238980284
Adi,Ledes,aledes8t@hugedomains.com,Hyundai,Azera,2009,715858131384
Jojo,Aldiss,jaldiss8u@tripadvisor.com,Chevrolet,Corvette,1973,808221618576
Jed,Bankhurst,jbankhurst8v@blinklist.com,Acura,CL,1998,145976045687
Fielding,Tissiman,ftissiman8w@mediafire.com,Ford,Thunderbird,1988,77186610396
Roanne,Van der Kruys,rvanderkruys8x@unc.edu,BMW,7 Series,1993,527826074505
Emmye,Storr,estorr8y@imgur.com,Dodge,Ram Van 2500,2001,583853405064
Artemus,Tiley,atiley8z@amazon.com,Chevrolet,Lumina,1993,76092413946
Michell,Rouchy,mrouchy90@census.gov,Lexus,SC,1994,131233734193
Alicia,Haskell,ahaskell91@ftc.gov,Mitsubishi,Expo,1994,277327329048
Marleah,Thaine,mthaine92@bloomberg.com,Plymouth,Roadrunner,1969,61889562832
Dara,Blankau,dblankau93@latimes.com,Cadillac,Eldorado,1997,246449692854
Jillana,Ternent,jternent94@engadget.com,Pontiac,Grand Prix,1988,829866287295
Eleanor,Como,ecomo95@yahoo.com,Ford,Mustang,2009,422010652907
Bernete,Lympany,blympany96@mediafire.com,Ford,F150,1995,694754236729
Tremayne,Batch,tbatch97@msn.com,Subaru,Justy,1987,951578745137
Quill,Verrell,qverrell98@bandcamp.com,Isuzu,Hombre Space,1999,323318703516
Shepard,Mackett,smackett99@example.com,Bentley,Continental GTC,2007,602640919410
Ninnetta,Yeell,nyeell9a@comcast.net,Eagle,Talon,1993,744203369465
Carola,Grouen,cgrouen9b@bing.com,Volvo,S60,2012,361720904462
Quinlan,Posse,qposse9c@unicef.org,Dodge,Viper,1995,909502340376
Moishe,Bremmell,mbremmell9d@economist.com,Volvo,C70,2007,217600307037
Othella,Perigo,operigo9e@soup.io,Ford,F250,2004,985203550103
Boyce,Greenway,bgreenway9f@ezinearticles.com,Porsche,911,1990,463330973818
Tildy,Alders,talders9g@discovery.com,Mitsubishi,Pajero,2003,929034933528
Jerrome,Barreau,jbarreau9h@cdbaby.com,Dodge,Journey,2010,202054598628
Kean,Delgaty,kdelgaty9i@oaic.gov.au,Scion,tC,2009,614088544322
Brooks,Snoxall,bsnoxall9j@cbsnews.com,Volkswagen,Type 2,1985,275433531691
Dinny,Bowdidge,dbowdidge9k@purevolume.com,Dodge,Stratus,2004,80438457968
Richard,Mandal,rmandal9l@sakura.ne.jp,Kia,Carens,2007,198923079449
Kesley,Kurth,kkurth9m@addtoany.com,Nissan,240SX,1992,746840648157
Tiler,Lease,tlease9n@jiathis.com,MINI,Cooper,2003,558260256623
Haywood,Jagielski,hjagielski9o@wunderground.com,Suzuki,XL-7,2007,796906031669
Chic,Peake,cpeake9p@csmonitor.com,Subaru,Alcyone SVX,1993,932356328332
Lyle,Foltin,lfoltin9q@ebay.co.uk,Hyundai,Sonata,1999,995473259527
Ginger,Godar,ggodar9r@buzzfeed.com,Mercedes-Benz,S-Class,2001,244551516688
Arliene,Bartlett,abartlett9s@cdbaby.com,Ford,Thunderbird,1977,798025132511
Tamara,Ayer,tayer9t@walmart.com,Ford,F350,1997,969539233641
Carr,Schollick,cschollick9u@marriott.com,GMC,Sonoma Club Coupe,1998,127064020215
Timothy,Gillatt,tgillatt9v@zdnet.com,Ford,Tempo,1984,894795122810
Kendre,Timothy,ktimothy9w@google.pl,GMC,Suburban 2500,1997,734852701712
Kai,Crossan,kcrossan9x@etsy.com,Toyota,MR2,2004,98265710487
Xenos,Brum,xbrum9y@wp.com,Mitsubishi,Lancer,2003,469533344842
Jeannette,McGawn,jmcgawn9z@cdc.gov,Kia,Soul,2011,80354663241
Gail,Byfford,gbyfforda0@ustream.tv,Volvo,C70,2010,598545406691
Jaclyn,Maier,jmaiera1@merriam-webster.com,Toyota,Previa,1997,715117580408
Lawton,Debell,ldebella2@cbc.ca,Lincoln,Town Car,1985,179921340409
Leela,Novis,lnovisa3@tripadvisor.com,GMC,Sierra 2500,2008,151300414000
Domeniga,Kennington,dkenningtona4@hugedomains.com,Volvo,S40,2009,981437112942
Joseph,Baddoe,jbaddoea5@over-blog.com,Mercedes-Benz,SL-Class,1988,493485148557
Magdalena,Nalder,mnaldera6@icq.com,Mazda,626,1988,412663735257
Darice,Pirrie,dpirriea7@surveymonkey.com,Mitsubishi,Lancer,2012,392929961584
Coriss,Mulqueeny,cmulqueenya8@mozilla.com,Toyota,Prius,2010,16554315318
Valida,Vant,vvanta9@cocolog-nifty.com,Buick,Electra,1986,528372452591
Ivory,Peckett,ipeckettaa@virginia.edu,Mazda,626,1990,812791855348
Renate,Rampage,rrampageab@bloglovin.com,Mercedes-Benz,E-Class,1996,390414355299
Annabella,Klauer,aklauerac@blinklist.com,Alfa Romeo,164,1993,732844390606
Lazarus,Twort,ltwortad@nhs.uk,Chevrolet,Cruze,2013,406768881435
Bobby,Usher,busherae@marketwatch.com,Nissan,Maxima,2012,2277190527
Mata,Broszkiewicz,mbroszkiewiczaf@odnoklassniki.ru,Pontiac,Sunbird,1990,118448280938
Sheri,Carrick,scarrickag@dell.com,Toyota,Land Cruiser,2004,707034441963
Taffy,Chisnell,tchisnellah@friendfeed.com,Volkswagen,Jetta,1984,817578366582
Deny,Fonquernie,dfonquernieai@reference.com,GMC,Yukon XL 1500,2005,673368854227
Elnore,Handaside,ehandasideaj@jigsy.com,Aston Martin,DBS,2010,138353970788
Rudolf,Beiderbecke,rbeiderbeckeak@sogou.com,Ford,F250,1984,419643863214
Isadora,Squibbs,isquibbsal@oakley.com,Hummer,H1,2002,466324894470
Reagan,Kynnd,rkynndam@dmoz.org,Oldsmobile,LSS,1999,884254444233
Gabriela,Luberto,glubertoan@friendfeed.com,Lexus,LX,2009,835844287245
Marshal,Lyon,mlyonao@whitehouse.gov,GMC,Vandura 2500,1994,485165122712
Eran,Donan,edonanap@shinystat.com,Toyota,Camry,2008,655309311902
Friederike,Berling,fberlingaq@irs.gov,Nissan,370Z,2009,675842693625
Mendie,Demko,mdemkoar@wsj.com,Audi,5000S,1984,617674390720
Adella,Waylett,awaylettas@last.fm,Chrysler,LeBaron,1994,531965693075
Bobbette,Thorneloe,bthorneloeat@mapy.cz,Jeep,Commander,2008,744743816700
Rockey,Charte,rcharteau@bluehost.com,Acura,RSX,2003,257227250304
Tamarra,Moffet,tmoffetav@slashdot.org,Chevrolet,S10,2000,561701404663
Myrwyn,Quilkin,mquilkinaw@nsw.gov.au,Saab,9000,1993,886105596597
Wolfy,Joder,wjoderax@bbb.org,Dodge,Durango,2007,361388686493
Genny,Ascrofte,gascrofteay@bloomberg.com,Ford,Focus,2010,848617617081
Emelyne,Dominicacci,edominicacciaz@artisteer.com,Ford,F350,1992,937155265780
Ebony,Goaley,egoaleyb0@ovh.net,Hummer,H1,2001,159073846464
Shina,Joesbury,sjoesburyb1@constantcontact.com,Ford,F350,2004,772510290171
Giavani,Sutcliffe,gsutcliffeb2@devhub.com,Volkswagen,Jetta,2005,294445058698
Benni,Meagh,bmeaghb3@usatoday.com,Mercedes-Benz,M-Class,2012,314719618044
Barbi,Fatkin,bfatkinb4@washingtonpost.com,Lincoln,Town Car,1992,739583336294
Arabela,Fogel,afogelb5@accuweather.com,Mitsubishi,Galant,2010,727920469325
Kory,Rosen,krosenb6@prnewswire.com,Chevrolet,Astro,1997,580952366809
Kellyann,Dempsey,kdempseyb7@diigo.com,Ford,Expedition EL,2012,44179130805
Denny,Aspinwall,daspinwallb8@storify.com,Buick,Regal,2002,748269906258
Elijah,Garbott,egarbottb9@timesonline.co.uk,Ford,Aspire,1995,912960953075
Kasper,Blunsum,kblunsumba@posterous.com,Jeep,Cherokee,1992,508452174422
Gal,Feake,gfeakebb@cocolog-nifty.com,Infiniti,QX,2001,431246627677
Cassius,O' Connell,coconnellbc@php.net,Pontiac,Trans Sport,1992,349016269151
Jefferey,Lghan,jlghanbd@gmpg.org,Toyota,Sequoia,2008,973135483917
Humbert,While,hwhilebe@tinyurl.com,Volkswagen,CC,2013,244535397744
Genevieve,Penylton,gpenyltonbf@360.cn,Mercedes-Benz,W201,1992,507648129302
Darrick,Spottiswood,dspottiswoodbg@soundcloud.com,Mitsubishi,Eclipse,2003,613871659486
Brunhilde,Nisco,bniscobh@webmd.com,Chevrolet,Express 2500,2004,173577783642
Fancie,Gillum,fgillumbi@skyrock.com,Chevrolet,1500,1999,434138542185
Aksel,Stothart,astothartbj@gmpg.org,Mazda,Mazdaspeed 3,2008,360965724008
Elene,Mossom,emossombk@stumbleupon.com,Infiniti,Q,1997,630693091959
Monroe,Chessum,mchessumbl@mac.com,Chevrolet,Cobalt,2008,626577608941
Alon,Cicchelli,acicchellibm@mediafire.com,Ford,Expedition,2005,713430513647
Phyllis,Kanter,pkanterbn@mapquest.com,Ford,F350,1996,583806096037
Sindee,Crookshanks,scrookshanksbo@joomla.org,Ford,Escort,1994,41034176410
Yvon,Lorman,ylormanbp@kickstarter.com,Ford,Crown Victoria,2005,789046623609
Otes,Isakowicz,oisakowiczbq@dot.gov,Hyundai,Scoupe,1992,9849194837
Norean,Olkowicz,nolkowiczbr@bluehost.com,Ford,Escort,2001,16210786093
Rosabelle,Brokenshaw,rbrokenshawbs@un.org,Volkswagen,Jetta,1990,284106179930
Barbette,Mcwhinnie,bmcwhinniebt@wikimedia.org,Mazda,MX-5,1996,198507483636
Fleurette,Patterson,fpattersonbu@deviantart.com,Volvo,C70,1998,993084712980
Burch,Risdale,brisdalebv@hugedomains.com,Jeep,Comanche,1992,546414250094
Irina,McGucken,imcguckenbw@digg.com,Dodge,Neon,1997,128963104427
Tallia,Rummings,trummingsbx@google.com.au,Ford,Th!nk,2000,434941876834
Silvana,Lurner,slurnerby@woothemes.com,GMC,Savana 1500,1998,32638444075
Ollie,Hullbrook,ohullbrookbz@ycombinator.com,Mercedes-Benz,S-Class,2004,561759213517
Ginnifer,Sharram,gsharramc0@dell.com,Toyota,MR2,1994,795986283573
Hyacintha,Wick,hwickc1@zimbio.com,Hyundai,Elantra,2007,83925637203
Codie,Perotti,cperottic2@wisc.edu,Chrysler,PT Cruiser,2005,162944550766
Viola,Gawn,vgawnc3@yelp.com,Chevrolet,Camaro,1994,788643637862
Paulo,Tarquini,ptarquinic4@ft.com,Ford,Escape,2007,256982453442
Nichole,Banat,nbanatc5@nbcnews.com,Mercedes-Benz,SLR McLaren,2008,721074623773
Haslett,Duffin,hduffinc6@apache.org,Audi,S4,2001,196451984120
Margaretta,Albon,malbonc7@wikispaces.com,Mercury,Sable,1986,59966456611
Garek,Staton,gstatonc8@mapy.cz,Pontiac,Safari,1988,522737284994
Neile,Songest,nsongestc9@ft.com,Tesla,Roadster,2010,53533861528
Jenelle,Gleder,jglederca@imgur.com,Hyundai,Scoupe,1994,469205136582
Pam,Vannuccinii,pvannucciniicb@ted.com,Nissan,350Z,2006,290041882860
Rafferty,Willas,rwillascc@cpanel.net,Mercury,Grand Marquis,2003,765499767178
Malissa,Laidlaw,mlaidlawcd@example.com,Mercury,Monterey,2007,569378249149
Tallie,Purver,tpurverce@webeden.co.uk,Mitsubishi,Challenger,1998,716903679475
Edee,Earwicker,eearwickercf@youku.com,Chrysler,Pacifica,2006,665503878609
Phelia,Wreford,pwrefordcg@umn.edu,Subaru,Impreza,1995,881079297422
Edward,Ashpital,eashpitalch@soup.io,Infiniti,QX56,2012,423207098160
Mac,Michie,mmichieci@i2i.jp,Honda,Odyssey,2004,974294651526
Katalin,Shurrock,kshurrockcj@springer.com,Plymouth,Grand Voyager,1997,542101794490
Taffy,Snook,tsnookck@wordpress.org,Suzuki,Samurai,1995,313845644749
Davon,Bompas,dbompascl@miibeian.gov.cn,Ford,F350,2004,227628789863
Worth,Simister,wsimistercm@xing.com,Nissan,Sentra,2007,20772026161
Ozzy,Garham,ogarhamcn@ucoz.com,Lotus,Exige,2011,264708103221
Tarah,Verissimo,tverissimoco@bandcamp.com,Lincoln,MKT,2012,148315416308
Janek,Joe,jjoecp@freewebs.com,Toyota,Previa,1997,623420718108
Verene,McKomb,vmckombcq@goodreads.com,Chevrolet,Express 2500,2002,664295286421
Matteo,Deniseau,mdeniseaucr@rakuten.co.jp,Toyota,Sequoia,2005,29029442152
Reuven,Cameron,rcameroncs@walmart.com,Ford,Taurus,1999,383446745996
Liz,Illsley,lillsleyct@jugem.jp,Kia,Spectra,2005,134702137857
Courtney,McIlhatton,cmcilhattoncu@g.co,Toyota,Solara,2001,37259304591
Tedmund,Basset,tbassetcv@over-blog.com,Mercedes-Benz,C-Class,2007,888753824199
Crissy,Placido,cplacidocw@google.fr,Pontiac,Bonneville,1986,997764895614
Gaultiero,Helsdon,ghelsdoncx@privacy.gov.au,Pontiac,Sunfire,2003,268001354092
Doralia,Jaffrey,djaffreycy@ftc.gov,Mitsubishi,Eclipse,1992,202446378174
Ambrosio,Brokenshaw,abrokenshawcz@rakuten.co.jp,Dodge,Ram 1500,1994,635799187582
Rona,FitzGilbert,rfitzgilbertd0@illinois.edu,Dodge,Dakota,1992,229786290048
Ethelda,Brasher,ebrasherd1@networksolutions.com,Nissan,300ZX,1996,819532182269
Jenilee,Tarbard,jtarbardd2@dot.gov,Subaru,XT,1989,723921424770
Carlene,Fotheringham,cfotheringhamd3@rakuten.co.jp,Mercedes-Benz,500SEL,1992,960389906416
Any,Carah,acarahd4@home.pl,Volkswagen,GTI,2006,183302116569
Hamnet,Tully,htullyd5@microsoft.com,Chevrolet,Express 2500,1999,33170819230
Rayshell,Gethouse,rgethoused6@eepurl.com,Ford,E-Series,1993,343077010822
Sherlock,Waleworke,swaleworked7@techcrunch.com,Ford,Focus,2007,27234126490
Lishe,Wisson,lwissond8@domainmarket.com,BMW,X5,2010,272151264475
Valery,Tongs,vtongsd9@cargocollective.com,Acura,NSX,2001,423676256480
Tobiah,Lamont,tlamontda@so-net.ne.jp,GMC,Sierra 2500,2006,661131200569
Dag,Moland,dmolanddb@gmpg.org,Pontiac,Trans Sport,1996,428157272999
Brant,Rudsdell,brudsdelldc@delicious.com,Suzuki,Grand Vitara,2011,889190721639
Creigh,Izkovici,cizkovicidd@harvard.edu,Hyundai,Sonata,2002,514999166811
Forster,Rame,framede@icio.us,Chrysler,Sebring,2008,589506234204
Lennard,Summersett,lsummersettdf@mozilla.com,Dodge,Journey,2012,152010660415
Jecho,Cranfield,jcranfielddg@springer.com,Aston Martin,DBS,2009,586010446711
Teresa,Madelin,tmadelindh@sina.com.cn,Toyota,Sequoia,2002,844240631799
Leigh,Pipping,lpippingdi@yellowpages.com,Mazda,Protege,2003,987681345377
Dannye,Preon,dpreondj@diigo.com,Toyota,Solara,2007,335833952372
Fayina,Medcalf,fmedcalfdk@princeton.edu,Isuzu,Rodeo,1994,545688366408
Jorry,Heinecke,jheineckedl@twitter.com,Chevrolet,HHR,2010,681878391179
Helyn,Iowarch,hiowarchdm@moonfruit.com,Saab,9-3,2004,287456157978
Helyn,Witham,hwithamdn@scientificamerican.com,Pontiac,Bonneville,2001,457494753163
Jobey,Tapsell,jtapselldo@auda.org.au,Volkswagen,GTI,1986,582673184596
Grantley,Ablett,gablettdp@networkadvertising.org,Nissan,Xterra,2002,830976981133
Sallie,Gallifont,sgallifontdq@umich.edu,Volkswagen,Cabriolet,1996,803231613722
Frannie,Talboy,ftalboydr@canalblog.com,Lincoln,Mark LT,2006,895915585759
Dorie,Goldes,dgoldesds@mediafire.com,Toyota,Yaris,2012,735967431774
Catlaina,Mayou,cmayoudt@blogspot.com,Cadillac,CTS-V,2012,923834654089
Brandyn,Coker,bcokerdu@newyorker.com,Mitsubishi,Eclipse,2003,653836610653
Robyn,Bradnock,rbradnockdv@dot.gov,Ford,Expedition EL,2010,531129008846
Daffy,Guarin,dguarindw@about.me,Volvo,S60,2013,372259471848
Sadie,Yurmanovev,syurmanovevdx@admin.ch,Volkswagen,Cabriolet,2001,125719888510
Tomasine,Duignan,tduignandy@macromedia.com,Isuzu,Hombre,2000,51202655194
Nada,Gitting,ngittingdz@xrea.com,Suzuki,XL-7,2004,62853728363
Vinnie,McAlpine,vmcalpinee0@macromedia.com,Pontiac,Grand Prix,1997,905744980225
Brucie,Nucci,bnuccie1@lulu.com,Plymouth,Acclaim,1995,518386556590
Gardy,Chevolleau,gchevolleaue2@europa.eu,Audi,Q5,2011,255196553613
Mahmoud,Stephens,mstephense3@discuz.net,Chevrolet,G-Series G30,1993,181930281963
Alison,Brock,abrocke4@ucoz.com,Mazda,MX-6,1993,852108229595
Sallie,MacKnight,smacknighte5@goo.gl,Honda,Pilot,2011,43094846091
Bondie,Pearne,bpearnee6@techcrunch.com,Dodge,Dakota,1995,661210368274
Dory,Melonby,dmelonbye7@cdbaby.com,Volkswagen,GTI,1996,632017181139
Finley,Falkus,ffalkuse8@cnet.com,Mercedes-Benz,C-Class,2002,990439382829
Bailie,Pruvost,bpruvoste9@blogger.com,Lexus,GS,2001,519932052170
Rodrigo,Dudbridge,rdudbridgeea@paginegialle.it,Aston Martin,Vantage,2011,22370029693
Konrad,Duxbarry,kduxbarryeb@paypal.com,Mercedes-Benz,CL-Class,2009,179284729627
Ray,Lukesch,rlukeschec@fc2.com,Saab,9000,1995,397815028221
Cher,de Villier,cdevilliered@theglobeandmail.com,Lexus,GX,2003,828700889
Dedra,Throughton,dthroughtonee@cafepress.com,Ford,GT500,2008,69590994294
Cly,Bednall,cbednallef@cnet.com,Toyota,4Runner,2000,686956846421
Andeee,McGarvey,amcgarveyeg@ow.ly,Toyota,RAV4,2011,190084236755
Thaddus,Truelock,ttruelockeh@quantcast.com,Toyota,Camry,2001,219770219224
Damien,Bristowe,dbristoweei@scribd.com,Dodge,Neon,1997,534735935054
Herminia,Lettice,hletticeej@desdev.cn,BMW,M3,1999,384876756069
Cullen,Czaja,cczajaek@cyberchimps.com,BMW,Alpina B7,2008,284369291201
Ernaline,Rankine,erankineel@baidu.com,Chevrolet,Cruze,2012,19580523947
Maren,Bootes,mbootesem@blog.com,Mazda,B-Series Plus,1998,763826051953
Evangeline,Grono,egronoen@about.com,GMC,Savana 2500,2009,244832893018
Prudence,Dennick,pdennickeo@theguardian.com,Suzuki,XL-7,2001,377237085863
Quillan,Broxap,qbroxapep@amazon.de,Saturn,S-Series,1992,443097431358
Glenn,Kohrs,gkohrseq@eepurl.com,Mitsubishi,Diamante,2001,242660049945
Earle,Garlee,egarleeer@independent.co.uk,Mercedes-Benz,300TE,1993,923289215646
Finley,Cumberledge,fcumberledgees@economist.com,Nissan,Sentra,1991,463784170372
Corbet,Berkery,cberkeryet@goo.ne.jp,Cadillac,DeVille,1992,235897818448
Chickie,Smethurst,csmethursteu@epa.gov,Buick,Riviera,1993,322908221076
Cristionna,Darrington,cdarringtonev@accuweather.com,Hummer,H3,2007,26541824779
Michail,Skirrow,mskirrowew@ask.com,BMW,5 Series,1997,746795743311
Lexie,Rowan,lrowanex@indiegogo.com,Infiniti,Q,1998,369724461919
Dimitry,Hearthfield,dhearthfieldey@reverbnation.com,Cadillac,DeVille,1999,404855536547
Stanwood,Pedley,spedleyez@infoseek.co.jp,Mitsubishi,Starion,1985,438287225813
Buddie,Witham,bwithamf0@ustream.tv,Volvo,S60,2008,675146801536
Giraldo,Chadbourne,gchadbournef1@tinyurl.com,Maserati,Spyder,2005,724391464721
Peirce,Heal,phealf2@ucoz.ru,Mercury,Grand Marquis,1989,805330241046
Marylin,Grealey,mgrealeyf3@networkadvertising.org,Chrysler,Town & Country,2000,984670151073
Mala,Pratley,mpratleyf4@hhs.gov,Land Rover,Discovery,1999,250243147670
Pepe,Petto,ppettof5@statcounter.com,Dodge,Charger,2011,93134728717
Hodge,Hudspeth,hhudspethf6@patch.com,Mercury,Mystique,1999,368542265374
Ryan,Dmytryk,rdmytrykf7@nature.com,Toyota,Land Cruiser,1992,430750955630
Vicky,Bruhke,vbruhkef8@unesco.org,Mitsubishi,Galant,1999,88991791085
Betteanne,Chattell,bchattellf9@freewebs.com,Toyota,Avalon,2008,346786016739
Hobey,Whorf,hwhorffa@rambler.ru,Volvo,S80,2001,500701667326
Tamar,Sellar,tsellarfb@marriott.com,Audi,80,1991,864136131283
Saree,Trude,strudefc@github.com,Chevrolet,1500,1993,975145338953
Cornell,Chown,cchownfd@skype.com,Audi,V8,1992,877920238652
Larisa,Albinson,lalbinsonfe@printfriendly.com,Mazda,Mazdaspeed 3,2007,286076585793
Theodor,McNamee,tmcnameeff@spiegel.de,Ford,Explorer,2013,124069210563
Tremaine,Englefield,tenglefieldfg@weather.com,Lincoln,Navigator,2006,5678459666
Philippine,Clarke-Williams,pclarkewilliamsfh@etsy.com,Lexus,RX,2012,762013707208
Christean,Filipychev,cfilipychevfi@europa.eu,Volkswagen,GTI,1998,939206748269
Gibb,Zappel,gzappelfj@plala.or.jp,Lincoln,MKX,2011,501504548333
Silvia,MacAlpyne,smacalpynefk@google.com.hk,Chevrolet,S10 Blazer,1993,475506699849
Grier,Lippiello,glippiellofl@fema.gov,Cadillac,CTS-V,2009,628399790315
Packston,Martt,pmarttfm@4shared.com,Suzuki,Swift,1993,535895450784
Francisca,Turbat,fturbatfn@howstuffworks.com,Audi,A4,2005,593753275769
Byrom,Franciottoi,bfranciottoifo@feedburner.com,Jeep,Wrangler,2008,698733725894
Reidar,Roubeix,rroubeixfp@printfriendly.com,Nissan,Pathfinder,2008,244944000983
Elyn,Brannigan,ebranniganfq@ibm.com,Buick,LeSabre,1993,624913453934
Bili,Mosson,bmossonfr@cloudflare.com,Nissan,Sentra,1998,148050141165
Amity,Mursell,amursellfs@ted.com,Infiniti,G,2010,776350569304
Everett,Dimbylow,edimbylowft@blinklist.com,Volkswagen,Passat,2000,954834760720
Westbrook,Rudram,wrudramfu@mail.ru,Mercedes-Benz,GL-Class,2008,338025621552
Augustine,Dungate,adungatefv@issuu.com,Ford,F-350 Super Duty,2006,933328900069
Aubert,Ceyssen,aceyssenfw@wikispaces.com,Audi,Coupe GT,1986,801193613266
Jesus,Sheasby,jsheasbyfx@altervista.org,Volkswagen,Golf,2012,74499957406
Harriette,Dominetti,hdominettify@oaic.gov.au,Subaru,Baja,2004,20958514710
Yasmin,Pead,ypeadfz@blog.com,Dodge,Grand Caravan,1999,608415146258
Zaneta,Rishworth,zrishworthg0@statcounter.com,Mitsubishi,Galant,2000,391580275713
Mic,Bonnette,mbonnetteg1@merriam-webster.com,Oldsmobile,Achieva,1996,611037073108
Dode,Costar,dcostarg2@imageshack.us,Mercedes-Benz,GLK-Class,2012,955243341986
Bail,Caro,bcarog3@vistaprint.com,Lexus,LS,1993,954028475713
Farr,Parlor,fparlorg4@google.fr,Mazda,Millenia,1997,114279103290
Marice,Westman,mwestmang5@washingtonpost.com,BMW,M3,2009,307818420294
Robbyn,Darnell,rdarnellg6@posterous.com,Chrysler,Town & Country,2005,610664048639
Jemima,Jorez,jjorezg7@slideshare.net,GMC,Yukon,2005,305031572735
Tabby,Yetman,tyetmang8@desdev.cn,Mitsubishi,Eclipse,2001,520429535101
Alanna,Pancoast,apancoastg9@java.com,Mercury,Topaz,1987,203268705358
Kristo,Penberthy,kpenberthyga@apache.org,Jeep,Wrangler,2011,683691363290
Winslow,Litton,wlittongb@drupal.org,Audi,A4,2001,174279768625
Chantalle,Barlie,cbarliegc@drupal.org,Subaru,Legacy,2006,640463578074
Catlaina,Bool,cboolgd@jalbum.net,Buick,Regal,2011,256457062880
Alverta,Tilmouth,atilmouthge@netlog.com,Porsche,Boxster,2009,972786763635
Madlen,Grelak,mgrelakgf@tiny.cc,Suzuki,SJ,1988,251894811643
Hamlen,Frill,hfrillgg@ovh.net,Nissan,Frontier,2000,810191521518
Livia,Garbert,lgarbertgh@cornell.edu,Dodge,Shadow,1994,303859895112
Jordan,Woollard,jwoollardgi@tripadvisor.com,Volkswagen,Jetta,1986,402542004928
Clayborn,Klais,cklaisgj@mediafire.com,Aston Martin,DB9,2007,229102709067
Theodor,Razoux,trazouxgk@umich.edu,Subaru,Legacy,1992,581282399375
Leigh,Yedy,lyedygl@rambler.ru,Acura,ZDX,2011,199241019945
Anabal,Melly,amellygm@a8.net,BMW,325,2005,892336261423
Vanna,Currao,vcurraogn@naver.com,Nissan,Titan,2012,227737715149
Mindy,Ringwood,mringwoodgo@ca.gov,Nissan,Sentra,2005,262234738730
Karilynn,Wingatt,kwingattgp@loc.gov,Ford,F-Series Super Duty,2012,865931161541
Breanne,Yakubovics,byakubovicsgq@reuters.com,Buick,LeSabre,1985,719187469142
Franklin,Chappelle,fchappellegr@hhs.gov,Mercury,Cougar,2002,33171104007
Eba,Pietrzyk,epietrzykgs@ibm.com,Mercury,Topaz,1991,856393508878
Kingston,Bracknell,kbracknellgt@wufoo.com,Mercury,Villager,1996,451177154240
Erina,Ripley,eripleygu@twitpic.com,Ford,Probe,1997,703310182496
Shelley,Cleare,sclearegv@w3.org,Toyota,Camry,1998,428675538422
Burke,Torfin,btorfingw@livejournal.com,Subaru,Outback,2001,660164010978
Reyna,Bicksteth,rbickstethgx@cdbaby.com,Ford,LTD Crown Victoria,1991,163448439105
Cortney,Schriren,cschrirengy@state.gov,Mercedes-Benz,E-Class,2005,366862216110
Scarface,Kitteridge,skitteridgegz@netvibes.com,Bentley,Continental GT,2006,926273997791
Jeannie,Knight,jknighth0@drupal.org,Mitsubishi,Truck,1988,653090299027
Godwin,Summerrell,gsummerrellh1@sciencedaily.com,Chevrolet,Colorado,2005,779258993240
Freeman,Wooles,fwoolesh2@google.com.br,Mercury,Cougar,1987,747091823062
Orland,Toffanelli,otoffanellih3@ovh.net,Ford,F-Series,2001,441309366041
Bevin,Heathcott,bheathcotth4@npr.org,Audi,Q7,2007,589360034076
Bogey,Chrishop,bchrishoph5@bloomberg.com,BMW,X6,2011,623117499579
Felice,Roscam,froscamh6@tripadvisor.com,Ford,Escort,1984,161969893293
Diena,Roseburgh,droseburghh7@1688.com,Dodge,Stealth,1992,10343318136
Jaime,Sellek,jsellekh8@census.gov,BMW,Alpina B7,2008,832331472307
Courtney,Deniso,cdenisoh9@businessinsider.com,Lamborghini,Murciélago,2007,183192959426
Merrilee,Ellyatt,mellyattha@cloudflare.com,Suzuki,Grand Vitara,2009,170942983209
Darcie,Risby,drisbyhb@harvard.edu,Honda,Civic,1996,70417084375
Gabriela,Vedenisov,gvedenisovhc@sitemeter.com,Mercedes-Benz,W201,1988,367481782359
Susana,Hawkshaw,shawkshawhd@ox.ac.uk,BMW,X6,2011,652110406380
Horton,Persse,hperssehe@ucoz.ru,Audi,A4,2011,111491833210
Kessia,Yter,kyterhf@oracle.com,Mercedes-Benz,SL-Class,1993,311534089574
Dukey,McKirton,dmckirtonhg@opensource.org,Lexus,ES,2003,138102380760
Stephan,Bebb,sbebbhh@addthis.com,Pontiac,Firebird,1999,386362625562
Vail,Limpricht,vlimprichthi@nps.gov,Volkswagen,GTI,1991,230682406417
Mona,De Freitas,mdefreitashj@jiathis.com,Jeep,Grand Cherokee,2009,800806479862
Jacquie,Scutts,jscuttshk@multiply.com,Nissan,GT-R,2013,192704762045
Alberto,Champness,achampnesshl@freewebs.com,Infiniti,QX56,2007,172756937987
Derwin,Hopkins,dhopkinshm@amazon.com,Toyota,4Runner,2003,60751857079
Jabez,Spindler,jspindlerhn@icio.us,GMC,Sierra 3500,2011,343801285076
Thibaud,Lyffe,tlyffeho@webmd.com,Kia,Rio,2007,768450016120
Cass,Wandrey,cwandreyhp@soundcloud.com,Chevrolet,Monte Carlo,2007,519252527900
Orelee,Toft,otofthq@skype.com,Land Rover,Range Rover,1997,376080409685
Sayers,Beckmann,sbeckmannhr@kickstarter.com,Porsche,911,2013,352312759094
Sileas,Blankenship,sblankenshiphs@miitbeian.gov.cn,Dodge,D250 Club,1992,542760844548
Valerye,Monkhouse,vmonkhouseht@etsy.com,Mercury,Lynx,1984,269958131080
Sharl,Balaisot,sbalaisothu@weather.com,Dodge,Ram Van 2500,2002,344873348838
Loy,Brandsma,lbrandsmahv@purevolume.com,GMC,3500,1996,320347262722
Freddy,Pasmore,fpasmorehw@rambler.ru,Honda,Civic,1991,830029298497
Farris,McTeague,fmcteaguehx@wikispaces.com,Dodge,Durango,2011,77074867701
Tannie,Oluwatoyin,toluwatoyinhy@icq.com,Buick,Rainier,2007,953889027385
Ethelin,Brumpton,ebrumptonhz@devhub.com,Chevrolet,Cobalt SS,2007,241155525572
Herschel,Quarterman,hquartermani0@stanford.edu,Audi,A5,2010,108632438859
Alanna,Wilbud,awilbudi1@abc.net.au,Dodge,Dakota Club,2002,985959487684
Gunar,Streeten,gstreeteni2@linkedin.com,Mercury,Cougar,1991,29968904920
Leone,Antuk,lantuki3@unblog.fr,Toyota,Tundra,2010,976808055693
Lynn,Berrington,lberringtoni4@cnbc.com,MINI,Cooper,2007,903490137529
Margery,Bengtsen,mbengtseni5@wordpress.org,Lincoln,MKS,2013,550494126995
Linoel,Lunn,llunni6@baidu.com,Mercedes-Benz,400SEL,1993,883302041193
Kennett,Keunemann,kkeunemanni7@census.gov,GMC,Rally Wagon 3500,1993,632352362327
Kelcy,Mcwhinney,kmcwhinneyi8@lycos.com,Dodge,Charger,1969,545734409455
Celene,Heistermann,cheistermanni9@w3.org,Chevrolet,1500,1996,923119457079
Marcelle,McAlindon,mmcalindonia@sciencedirect.com,Dodge,Ram Van 1500,2002,469622884714
Agnola,Marques,amarquesib@msn.com,BMW,6 Series,2012,322475328325
Sayer,Iacobo,siacoboic@myspace.com,Lexus,ES,1999,118311242407
Ernie,Frankowski,efrankowskiid@foxnews.com,Nissan,350Z,2009,36460271303
Urbain,Harvie,uharvieie@livejournal.com,Ford,F250,2011,230971818356
Aridatha,Isabell,aisabellif@nifty.com,Mazda,Mazda5,2007,542035920373
El,Bumpus,ebumpusig@xing.com,Chevrolet,Astro,1996,45607574371
Marwin,Lidgate,mlidgateih@163.com,Ford,Club Wagon,1997,362139734006
Faythe,Awton,fawtonii@sourceforge.net,Toyota,Matrix,2008,102758054098
Guinevere,Sussans,gsussansij@ameblo.jp,Chevrolet,Astro,1997,279799116321
Loutitia,Prium,lpriumik@geocities.com,Jeep,Patriot,2011,927399458179
Catherina,Gilliard,cgilliardil@archive.org,Hyundai,Azera,2006,566568407470
Illa,Troak,itroakim@blinklist.com,Oldsmobile,Ciera,1996,292034250801
Bran,Boughey,bbougheyin@wsj.com,Pontiac,Firebird,1993,880277654208
Derron,Laurens,dlaurensio@yellowbook.com,Mercedes-Benz,G55 AMG,2006,88948533857
Kurt,Juschka,kjuschkaip@sciencedaily.com,Lincoln,Town Car,2011,248934991787
Tallie,Thrustle,tthrustleiq@home.pl,Lexus,GS,1994,126149077123
Tarrah,Kulic,tkulicir@paypal.com,Dodge,Avenger,2012,268597760548
Kassandra,Mereweather,kmereweatheris@merriam-webster.com,Dodge,Caliber,2011,826239245243
Barrie,Dawes,bdawesit@disqus.com,Ford,Taurus,1996,209449422649
Bondy,Abyss,babyssiu@google.co.jp,Lotus,Esprit,1989,482580269067
Davey,Epine,depineiv@domainmarket.com,Subaru,Impreza,2004,35544062148
Blythe,Georgi,bgeorgiiw@yahoo.co.jp,Ford,Probe,1997,848529103476
Niven,Coslett,ncoslettix@cnn.com,Chevrolet,Colorado,2005,809647630884
Roxine,O'Fihillie,rofihillieiy@geocities.jp,Subaru,Legacy,2002,823061841417
Shepherd,Joanaud,sjoanaudiz@japanpost.jp,MG,MGB,1977,422739087831
Klara,Veysey,kveyseyj0@uol.com.br,Porsche,911,1999,874845283551
Lewie,Asher,lasherj1@howstuffworks.com,Daihatsu,Charade,1992,523826832903
Genovera,Galego,ggalegoj2@github.com,Chevrolet,Caprice Classic,1995,556643059596
Faye,Blown,fblownj3@merriam-webster.com,Lincoln,Continental,2002,255146764227
Martie,Carle,mcarlej4@over-blog.com,Nissan,Frontier,2006,667624484606
Terrijo,Andrault,tandraultj5@histats.com,Mercedes-Benz,C-Class,2011,224467097416
Kelsey,Medhurst,kmedhurstj6@mozilla.com,Dodge,Avenger,1995,652394551478
Maxy,Wreath,mwreathj7@behance.net,Toyota,Sienna,2003,457391852488
Kylen,Bonde,kbondej8@fema.gov,Subaru,XT,1987,758054508983
Constancy,Bellow,cbellowj9@youtu.be,GMC,Sonoma,2000,538539777496
Ody,Bruhn,obruhnja@elegantthemes.com,Mazda,323,1995,664484490655
Kirsteni,Baum,kbaumjb@toplist.cz,Geo,Tracker,1992,849118257878
Emmie,Baskeyfied,ebaskeyfiedjc@sciencedirect.com,Honda,CR-V,2008,853188230313
Leona,Flattman,lflattmanjd@sciencedirect.com,Buick,Regal,1999,247374461843
Aldin,Stoner,astonerje@google.com,GMC,2500,1998,833978838473
Brigham,Frensche,bfrenschejf@goo.ne.jp,Ford,Thunderbird,2006,160056216641
Paige,Duetsche,pduetschejg@home.pl,Hyundai,Elantra,2013,684833842553
Jodie,Dadd,jdaddjh@aol.com,Buick,LeSabre,1989,515351915675
Kalvin,Polak,kpolakji@si.edu,Buick,Regal,1999,250354833045
Laraine,Stodit,lstoditjj@tinyurl.com,Jeep,Patriot,2008,915803273849
Cissiee,Rarity,crarityjk@cnn.com,Chevrolet,Suburban,2009,735422145990
Lotta,Phoebe,lphoebejl@eventbrite.com,Subaru,Outback,2004,599413121777
Gwynne,Ruprecht,gruprechtjm@theguardian.com,Buick,Lucerne,2006,528143690190
Gage,Helliker,ghellikerjn@blogs.com,Mercury,Villager,2000,876213413464
Jarrad,Whatman,jwhatmanjo@mediafire.com,Audi,A4,1998,58650765399
Harper,Clabburn,hclabburnjp@hp.com,Nissan,Sentra,2012,482694502488
Waylin,Treble,wtreblejq@ed.gov,Mitsubishi,Eclipse,1997,674020859436
Miguela,McGarrell,mmcgarrelljr@state.gov,Ford,Bronco,1988,981165758595
Bennie,Whickman,bwhickmanjs@freewebs.com,Kia,Sportage,1996,64942500024
Allyce,Morando,amorandojt@umich.edu,Mazda,MX-6,1995,768772519781
Rudd,Shark,rsharkju@stanford.edu,Buick,Skylark,1994,903877306136
Amabel,Brightling,abrightlingjv@oracle.com,Chevrolet,Suburban 1500,2003,380717040813
Linus,Mardy,lmardyjw@bloomberg.com,Mitsubishi,Cordia,1984,345901725304
Kameko,Harden,khardenjx@loc.gov,BMW,8 Series,1997,565309363358
Eudora,Tuckwell,etuckwelljy@narod.ru,Ford,Escort,1996,308606031791
Worth,Booton,wbootonjz@nature.com,Mazda,Protege,1992,855550550390
Demetra,O'Fielly,dofiellyk0@goo.ne.jp,Chevrolet,Corvette,1962,339471345825
Maynard,Borthe,mborthek1@google.co.uk,Infiniti,G35,2008,813595331588
Belita,Reddan,breddank2@rambler.ru,Dodge,Caravan,2001,913406878623
Onfroi,Dorant,odorantk3@merriam-webster.com,Ford,Econoline E150,1999,333493227990
Justin,Keasy,jkeasyk4@gizmodo.com,Mercedes-Benz,SL-Class,1993,618474005422
Avrom,Drissell,adrissellk5@epa.gov,BMW,3 Series,2010,434585345040
Lotty,Broderick,lbroderickk6@miitbeian.gov.cn,Chevrolet,G-Series 1500,1996,560848668637
Lorry,Goulden,lgouldenk7@guardian.co.uk,Ford,Explorer Sport Trac,2006,953532190619
Flori,Hambric,fhambrick8@wisc.edu,Audi,80/90,1988,927479463820
Yolanda,Gavozzi,ygavozzik9@bloglovin.com,Chevrolet,2500,1994,787481447453
Jehu,Decaze,jdecazeka@zimbio.com,Hyundai,Equus,2013,582889441405
Wit,Sones,wsoneskb@nsw.gov.au,BMW,X5 M,2012,512828739125
Cort,Davenhall,cdavenhallkc@techcrunch.com,Dodge,D350 Club,1993,80161956777
Whitman,Turpie,wturpiekd@businessinsider.com,Volkswagen,GTI,2012,220754277348
Barny,Shenfish,bshenfishke@spotify.com,Mitsubishi,Galant,2005,654621271697
Diahann,Alwen,dalwenkf@yellowpages.com,Hyundai,Tiburon,1997,773715048052
Cheston,Cottell,ccottellkg@technorati.com,Dodge,Durango,2011,778617052108
Jennette,Verrick,jverrickkh@opensource.org,Chevrolet,Equinox,2012,184724336086
Burch,Dicken,bdickenki@ustream.tv,Toyota,Land Cruiser,2011,391438853493
Rhona,Rawlyns,rrawlynskj@trellian.com,Chevrolet,Aveo,2006,388816697531
Conn,Fendt,cfendtkk@taobao.com,Chrysler,Sebring,2009,558597526358
Mariann,Pottery,mpotterykl@github.com,Jeep,Wrangler,2009,409786113789
Piotr,Peret,pperetkm@ameblo.jp,Chevrolet,Aveo,2006,752660710333
Barney,Feye,bfeyekn@irs.gov,Ford,F350,2012,529504638513
Yasmin,Dacre,ydacreko@linkedin.com,Hyundai,Tucson,2005,239716632843
Kurtis,Mulvaney,kmulvaneykp@wikipedia.org,Chevrolet,Camaro,1992,178479167810
Brit,Spurryer,bspurryerkq@exblog.jp,Mazda,MX-5,2010,245926755820
Ludwig,Ivachyov,livachyovkr@addthis.com,GMC,Savana Cargo Van,2006,389014601479
Patricio,Aynscombe,paynscombeks@exblog.jp,Ford,E-Series,2005,160701804611
Katalin,Laidlaw,klaidlawkt@jalbum.net,Eagle,Talon,1996,783484491279
Stanly,Sidgwick,ssidgwickku@jimdo.com,Chevrolet,HHR,2008,179916391639
Abagael,Geroldo,ageroldokv@harvard.edu,Chrysler,Town & Country,2000,150705790868
Tabb,Buchanan,tbuchanankw@imdb.com,Spyker,C8 Spyder Wide Body,2004,784533322571
Halsey,Sheldrake,hsheldrakekx@businesswire.com,Volvo,S80,2010,739338915772
Halli,McLemon,hmclemonky@infoseek.co.jp,BMW,3 Series,2000,330955833301
Nester,Mallinson,nmallinsonkz@wp.com,Ford,F350,2009,29498448543
Ashley,Padmore,apadmorel0@woothemes.com,Chevrolet,Express 2500,2001,540019484252
Cristen,Paramor,cparamorl1@theatlantic.com,Ford,F250,2008,549390753365
Lorie,McPaike,lmcpaikel2@salon.com,Toyota,Avalon,2012,330196690567
Wildon,Ricca,wriccal3@51.la,Isuzu,Ascender,2003,84858531349
Eb,Whellans,ewhellansl4@etsy.com,Mercury,Monterey,2006,16575621683
Ethelda,Jardein,ejardeinl5@wikipedia.org,GMC,Savana,2007,667448062564
Victoria,Peinton,vpeintonl6@canalblog.com,Honda,Prelude,2001,883886273611
Cindy,Blundan,cblundanl7@cornell.edu,Chevrolet,Silverado 1500,2007,182022990380
Fredi,BoHlingolsen,fbohlingolsenl8@tiny.cc,Chrysler,Concorde,1999,185329657963
Dell,Joselevitch,djoselevitchl9@time.com,Ford,F-350 Super Duty,2006,225046598772
Ricky,Honeyghan,rhoneyghanla@privacy.gov.au,Mercury,Sable,1988,152888572261
Lindsey,McAnellye,lmcanellyelb@huffingtonpost.com,Chrysler,Cirrus,1996,936914344421
Siobhan,Bucham,sbuchamlc@t-online.de,Volkswagen,Eos,2009,451302944747
Booth,Raymont,braymontld@indiatimes.com,Acura,RL,1997,672427807438
Stillman,Wemyss,swemyssle@spotify.com,Mazda,Mazda5,2006,563506131170
Donelle,Cherry,dcherrylf@census.gov,Honda,Prelude,1984,226079093180
Glynn,Laughren,glaughrenlg@bing.com,Pontiac,Firebird,1998,872266841171
Chryste,Bayless,cbaylesslh@com.com,Mazda,B-Series,1986,917781813049
Jada,Tapson,jtapsonli@princeton.edu,Pontiac,Grand Prix,1995,16713517771
Nathanael,Comello,ncomellolj@squidoo.com,Pontiac,Sunbird,1983,278179107636
Ikey,Barber,ibarberlk@yahoo.co.jp,Dodge,Ram 1500,2006,364381830428
Nicoli,Grinyov,ngrinyovll@mozilla.com,Ford,F-Series,1985,682309892444
Dilan,Gadie,dgadielm@msn.com,Subaru,Outback,2010,384134923884
Lamont,Bulpitt,lbulpittln@lycos.com,Cadillac,DTS,2006,948072371853
Helena,Pool,hpoollo@facebook.com,BMW,530,2006,350535976165
Elysha,Weale,ewealelp@chronoengine.com,Lexus,ES,2003,146075118539
Ellene,Gorham,egorhamlq@bloomberg.com,Pontiac,Grand Prix,2001,554176866390
Rocky,Yeskov,ryeskovlr@kickstarter.com,Mitsubishi,Eclipse,2007,113836966480
Rubina,Stimson,rstimsonls@buzzfeed.com,BMW,545,2005,647039225401
Dottie,Berkely,dberkelylt@opera.com,Land Rover,LR2,2010,5272101616
Christy,Fritche,cfritchelu@cornell.edu,BMW,1 Series,2009,726127213303
Taryn,Sylvester,tsylvesterlv@google.co.uk,Ferrari,599 GTB Fiorano,2007,49708016364
Raviv,Bucknall,rbucknalllw@nytimes.com,Bentley,Brooklands,2010,22708285449
Cynthia,Peverell,cpeverelllx@nationalgeographic.com,BMW,1 Series,2011,88836764778
Rubie,Sergent,rsergently@who.int,Ford,Explorer Sport Trac,2008,422984185080
Hugo,Prangle,hpranglelz@businesswire.com,Chrysler,New Yorker,1995,898667474322
Anabella,Samper,asamperm0@ustream.tv,BMW,Z8,2002,998594235364
Johnath,McGurk,jmcgurkm1@twitpic.com,Maserati,430,1991,91923076438
Mignon,Greensted,mgreenstedm2@mac.com,Chevrolet,Silverado 2500,2005,123342472960
Minette,Shaughnessy,mshaughnessym3@people.com.cn,Infiniti,QX,2000,989732169081
Querida,Mourant,qmourantm4@apache.org,Chevrolet,Venture,1998,802236061695
Stanley,Jouen,sjouenm5@lulu.com,Lexus,LS,2000,129196565909
Brande,Latch,blatchm6@businessweek.com,Dodge,Ram 1500,1998,538996249376
Normie,Vasyushkhin,nvasyushkhinm7@vimeo.com,Chevrolet,Caprice Classic,1995,851895214348
Peter,De Matteis,pdematteism8@digg.com,Toyota,Corolla,1993,69295715530
Etan,Gannicott,egannicottm9@weibo.com,Dodge,Dakota,2005,387029397221
Yorgo,Matchett,ymatchettma@mediafire.com,Oldsmobile,Silhouette,2004,804155660977
Mellisa,Duesberry,mduesberrymb@histats.com,Acura,ZDX,2011,747080744308
Gilberto,Guilloneau,gguilloneaumc@xinhuanet.com,Cadillac,STS-V,2009,511493164246
Hana,Quinnelly,hquinnellymd@springer.com,Ford,Mustang,1979,755868145741
Penelope,Rodman,prodmanme@ftc.gov,Mitsubishi,Eclipse,1989,218561986001
Robyn,Haslock,rhaslockmf@oracle.com,Mercury,Lynx,1987,654780870597
Tally,McLaverty,tmclavertymg@jigsy.com,Dodge,Ram Van B250,1992,169640591501
Nancy,Asson,nassonmh@google.co.jp,BMW,525,2006,915451156526
Loella,Swadlinge,lswadlingemi@nbcnews.com,Nissan,Maxima,2006,674021307260
Tori,McCraine,tmccrainemj@cocolog-nifty.com,Aston Martin,V8 Vantage,2007,80322251099
Nicola,Thorn,nthornmk@ox.ac.uk,Honda,Pilot,2011,304267922189
Donnell,Wickson,dwicksonml@noaa.gov,GMC,Sierra 3500,2005,810683422320
Al,Kacheller,akachellermm@mtv.com,Volvo,V70,2007,281291220711
Rhetta,Ticehurst,rticehurstmn@cbslocal.com,Pontiac,LeMans,1988,90615224799
Ches,Tuddall,ctuddallmo@meetup.com,Nissan,Cube,2010,768188418717
Celesta,Todarello,ctodarellomp@telegraph.co.uk,Ford,Club Wagon,1995,869237896788
Aryn,Boyall,aboyallmq@ted.com,Buick,Riviera,1995,763974691977
Lannie,Foulger,lfoulgermr@linkedin.com,Toyota,Sienna,2007,20057858532
Will,Sewell,wsewellms@plala.or.jp,Dodge,Nitro,2011,337993578893
Mercy,Aikenhead,maikenheadmt@t.co,GMC,Vandura 3500,1993,131169440590
Natalina,Cicchelli,ncicchellimu@cyberchimps.com,Buick,Regal,2012,425413003894
Fleur,Bollom,fbollommv@newyorker.com,Nissan,240SX,1998,224326872877
Web,Isaksson,wisakssonmw@so-net.ne.jp,Dodge,Ram 3500,2003,141145665155
Tiffany,Mycroft,tmycroftmx@example.com,Chevrolet,3500,1993,127178216215
Em,Schuelcke,eschuelckemy@miitbeian.gov.cn,Mercedes-Benz,400E,1993,810220064086
Lauritz,Dudleston,ldudlestonmz@hp.com,Toyota,Tacoma,1997,398684454605
Rikki,Firminger,rfirmingern0@wordpress.org,Ford,Fusion,2010,950940318263
Jabez,Riddich,jriddichn1@creativecommons.org,Mitsubishi,Cordia,1988,627743420010
Fulvia,Jones,fjonesn2@unicef.org,Mitsubishi,Galant,2012,381343930441
Rivalee,Brittin,rbrittinn3@icio.us,Suzuki,Esteem,1997,503017439652
Tabor,Ellams,tellamsn4@lulu.com,Ford,Focus,2008,162270491565
Catha,Skittle,cskittlen5@usnews.com,Nissan,Pathfinder,2006,491901679692
Ninon,Goulborn,ngoulbornn6@tumblr.com,Ford,Ranger,2002,144989452186
Derek,Pilsworth,dpilsworthn7@w3.org,Kia,Rio,2013,878011487313
Gherardo,Fonzo,gfonzon8@baidu.com,Bentley,Mulsanne,2012,583058249454
Merlina,O'Concannon,moconcannonn9@abc.net.au,Nissan,Sentra,2008,207646522980
Merv,Pacht,mpachtna@opensource.org,Buick,LeSabre,1999,23383544823
Jodi,Blanking,jblankingnb@printfriendly.com,Lexus,LS,2010,949194920583
Skipton,Grimmolby,sgrimmolbync@businesswire.com,Toyota,Highlander,2007,354415902947
Jessalin,Ramble,jramblend@house.gov,Isuzu,VehiCROSS,2001,670038465077
Devinne,Prosek,dprosekne@intel.com,GMC,Savana 2500,2007,732672914051
Jeana,Balharry,jbalharrynf@ucsd.edu,Eagle,Summit,1992,624868111620
Jeffrey,Tsarovic,jtsarovicng@sitemeter.com,GMC,Sonoma,1993,209506966256
Buiron,Epps,beppsnh@wikimedia.org,Mitsubishi,Challenger,1998,915693372613
Winnifred,Franklyn,wfranklynni@alexa.com,Hummer,H1,1996,596057626697
Dwight,Austwick,daustwicknj@prnewswire.com,Toyota,Tercel,1993,352526314339
Andres,Watton,awattonnk@studiopress.com,Subaru,Forester,2004,739988476239
Lisette,Sirmond,lsirmondnl@4shared.com,Subaru,Forester,2005,862933926781
Caterina,Trunkfield,ctrunkfieldnm@google.com,Porsche,911,2003,366566948695
Simona,Hanney,shanneynn@cnbc.com,Jeep,Grand Cherokee,2001,542624579069
Blanca,Giveen,bgiveenno@comsenz.com,Lamborghini,Countach,1988,690635614127
Cordi,Callinan,ccallinannp@cdbaby.com,Toyota,Prius,2012,514942511405
Christin,Doncom,cdoncomnq@google.com.au,Mitsubishi,Mirage,1986,470063868212
Maddie,Tome,mtomenr@feedburner.com,GMC,Savana 3500,2003,751024526525
Anna-diana,Longman,alongmanns@guardian.co.uk,BMW,745,2002,5258186168
Moore,Nott,mnottnt@bbc.co.uk,Dodge,Dakota Club,1994,752106797437
Amory,Shearwood,ashearwoodnu@canalblog.com,Lexus,LX,2006,52702097015
Hi,Shields,hshieldsnv@usa.gov,GMC,Suburban 1500,1996,726347816254
Agosto,Yurukhin,ayurukhinnw@nymag.com,Chevrolet,SSR,2003,864026057967
Flynn,Alejandro,falejandronx@japanpost.jp,Hummer,H3T,2009,342796971504
Gunner,Colquete,gcolqueteny@nih.gov,BMW,M3,1998,180365102122
Pattin,Goldstone,pgoldstonenz@wiley.com,BMW,3 Series,1994,743043981751
Jehu,Spellard,jspellardo0@go.com,Mercedes-Benz,CL-Class,2006,104543913224
Hurlee,Fine,hfineo1@constantcontact.com,Mitsubishi,Mirage,2000,221053360935
Denney,Stacy,dstacyo2@com.com,Mercury,Mariner,2009,613689373174
Gerianne,Adair,gadairo3@usnews.com,Ford,Expedition,2010,847869940786
Wesley,Carlaw,wcarlawo4@yellowpages.com,Saab,900,1993,391464747023
Shellysheldon,Hardinge,shardingeo5@vistaprint.com,GMC,Sierra 3500,2012,722595642767
Chandal,Ivanchenkov,civanchenkovo6@cnet.com,Acura,MDX,2004,912552023750
Alvira,Francello,afrancelloo7@hugedomains.com,Mercedes-Benz,CL-Class,2010,820724417201
Latisha,Dewis,ldewiso8@printfriendly.com,Volkswagen,CC,2013,580044392719
Ulrike,Kubec,ukubeco9@wikispaces.com,Lincoln,Blackwood,2002,442387465994
Dorie,Whicher,dwhicheroa@ask.com,Mazda,Tribute,2009,555778834685
Courtenay,Stickford,cstickfordob@illinois.edu,GMC,3500 Club Coupe,1993,522374789421
Esteban,Izzett,eizzettoc@usa.gov,Smart,Fortwo,2008,614832453185
Giustina,O'Kinedy,gokinedyod@upenn.edu,Chevrolet,Monte Carlo,1999,870239118086
El,Endecott,eendecottoe@usda.gov,Bentley,Continental,2005,17957960825
Lotty,Cathee,lcatheeof@cocolog-nifty.com,Lexus,ES,2000,183338241786
Honoria,Dignall,hdignallog@mlb.com,Mitsubishi,Chariot,1987,60219864218
Rafe,Challenor,rchallenoroh@edublogs.org,Audi,80,1989,361563740585
Tymon,Heiss,theissoi@oaic.gov.au,Chrysler,Aspen,2009,492862327642
Izabel,Harbar,iharbaroj@bloglines.com,Mercury,Milan,2011,422326120426
Dyanne,Woodthorpe,dwoodthorpeok@squarespace.com,Jaguar,XK Series,2001,353418858859
Delcine,Detoile,ddetoileol@redcross.org,Mitsubishi,Montero,1995,689984059140
Even,Willimont,ewillimontom@dailymotion.com,Honda,Fit,2010,758619196616
Ynez,McWhannel,ymcwhannelon@spotify.com,Toyota,Camry,2002,927635791530
Rickie,Orgel,rorgeloo@hp.com,Honda,S2000,2002,1840127882
Port,Eard,peardop@timesonline.co.uk,Lamborghini,Countach,1989,968381541546
Andrea,Bradbury,abradburyoq@edublogs.org,Ford,EXP,1986,908360846650
Rozele,Wolstencroft,rwolstencroftor@jiathis.com,Aston Martin,V8 Vantage,2009,492695615987
Lacey,Swyndley,lswyndleyos@typepad.com,Infiniti,G37,2010,712969064615
Pandora,Dyott,pdyottot@hibu.com,Mazda,Mazda6 5-Door,2006,850487567230
Pammy,Facher,pfacherou@blog.com,Mitsubishi,Chariot,1990,788948427511
Case,Giacovelli,cgiacovelliov@theatlantic.com,Buick,LeSabre,1985,435462614917
Frances,Maddocks,fmaddocksow@redcross.org,Toyota,Avalon,2011,730007797155
Townie,Pilgrim,tpilgrimox@cisco.com,Honda,Pilot,2002,328839963118
Casandra,Pettyfer,cpettyferoy@free.fr,Honda,Odyssey,2010,478087701100
Niall,Marfell,nmarfelloz@nbcnews.com,Eagle,Vision,1997,235849150895
Florencia,Eudall,feudallp0@npr.org,Mercedes-Benz,W201,1986,838812256478
Lorine,Dodgshun,ldodgshunp1@patch.com,Dodge,Ram 3500,2007,963123881450
Ruby,Torfin,rtorfinp2@theguardian.com,Dodge,Ram 3500 Club,1995,290654674199
Jordan,Dommerque,jdommerquep3@thetimes.co.uk,Ford,Crown Victoria,1998,583326760951
Celestia,Iskow,ciskowp4@nasa.gov,GMC,Yukon XL 1500,2009,440236174021
Adore,Orrow,aorrowp5@com.com,Nissan,Pathfinder,2008,707914248493
Lyndy,Spearman,lspearmanp6@ed.gov,Dodge,Challenger,2010,494576015455
Breena,Cockshut,bcockshutp7@timesonline.co.uk,Nissan,NX,1992,575769509134
Helenka,Godthaab,hgodthaabp8@ebay.com,Toyota,Tacoma,1998,89194386708
Nanon,Simons,nsimonsp9@google.com,BMW,X3,2009,848349170555
Jesus,Bonicelli,jbonicellipa@amazon.co.jp,Chevrolet,Traverse,2010,892281637806
Tilly,Garnsey,tgarnseypb@nydailynews.com,Mercedes-Benz,S-Class,1984,125147717432
Herrick,Anwyl,hanwylpc@hao123.com,Acura,Integra,1995,223013015005
Abe,Winder,awinderpd@unesco.org,Toyota,Prius,2008,719780376414
Agathe,Croote,acrootepe@bandcamp.com,Nissan,Frontier,2000,711070018883
Micky,Lendrem,mlendrempf@answers.com,Nissan,240SX,1996,343626784105
Oswell,Broadey,obroadeypg@sakura.ne.jp,Mercedes-Benz,E-Class,1986,238562817283
Alec,Reddish,areddishph@canalblog.com,Mazda,RX-8,2007,201428202542
Nanice,Labrom,nlabrompi@homestead.com,Mercedes-Benz,SLS-Class,2011,217711348359
Marney,Cosham,mcoshampj@nydailynews.com,Oldsmobile,Bravada,1999,434458020864
Catharine,Cicullo,ccicullopk@sina.com.cn,BMW,3 Series,2007,501587870927
Karin,Stains,kstainspl@goo.ne.jp,Ford,Mustang,1969,289454960913
Hyacintha,Wickie,hwickiepm@reuters.com,Hummer,H1,1993,332259103756
Erhard,Huffy,ehuffypn@yandex.ru,Dodge,Charger,1969,279570621769
Odey,Elijahu,oelijahupo@canalblog.com,Mercury,Marquis,1986,758433270970
Britt,MacPharlain,bmacpharlainpp@pbs.org,Subaru,Outback,2002,176047853049
Staffard,Nourse,snoursepq@chicagotribune.com,Honda,CR-V,2008,170409135859
Clay,Tape,ctapepr@mediafire.com,Mitsubishi,Galant,1995,916827268012
Caren,Kybird,ckybirdps@huffingtonpost.com,Audi,A6,2007,866947975920
Remus,Jodkowski,rjodkowskipt@google.de,Mercury,Capri,1993,188730709707
Bjorn,Georgins,bgeorginspu@github.com,GMC,Envoy XL,2005,941628943711
Flss,Ivashkov,fivashkovpv@google.com.hk,Nissan,Sentra,1998,719497628757
Demetra,Ricarde,dricardepw@hatena.ne.jp,Ford,Aspire,1997,223629783193
Andrej,Harewood,aharewoodpx@phpbb.com,Cadillac,SRX,2004,982402004591
Carr,Dykas,cdykaspy@cdc.gov,Suzuki,SJ,1991,231275662500
Emanuel,Macvain,emacvainpz@rakuten.co.jp,Volkswagen,Scirocco,1987,506645238077
Winslow,Vigneron,wvigneronq0@kickstarter.com,Dodge,Ram,2010,723331248991
Jan,Lappin,jlappinq1@tinypic.com,Cadillac,Seville,1999,498388258486
Maiga,Crus,mcrusq2@hud.gov,Mercedes-Benz,S-Class,2004,766554171155
Westleigh,Titmus,wtitmusq3@g.co,BMW,545,2004,792013638175
Gerta,Titmarsh,gtitmarshq4@shinystat.com,Honda,Prelude,1997,598356080915
Evelyn,Brownlee,ebrownleeq5@accuweather.com,Mercedes-Benz,S-Class,2006,140848334249
Valentine,Heninghem,vheninghemq6@walmart.com,Nissan,Sentra,2009,225683840920
Neille,Bosche,nboscheq7@ameblo.jp,Nissan,GT-R,2012,163843176156
Duane,Blewis,dblewisq8@xing.com,Oldsmobile,Silhouette,2003,673625668476
Tiena,Nursey,tnurseyq9@uiuc.edu,Lexus,LS,1996,318757163463
Gerianna,Lever,gleverqa@lycos.com,Saab,9-5,2006,48639772073
Jeannie,Birk,jbirkqb@businessweek.com,Cadillac,Escalade,2008,995434876303
Stanton,Kyffin,skyffinqc@nyu.edu,Honda,Odyssey,2002,140906947589
Jerrilee,MacCaughey,jmaccaugheyqd@java.com,Mitsubishi,Truck,1986,23562435289
Sheelah,de Clerc,sdeclercqe@goo.gl,Hummer,H1,2004,935967929107
Adeline,Riley,arileyqf@goo.gl,Ford,F150,2003,529163718083
Lorie,Giblin,lgiblinqg@nsw.gov.au,Dodge,Viper RT/10,1995,347385236864
Dulcinea,Shotton,dshottonqh@sphinn.com,BMW,760,2004,12483623910
Auroora,Bridgwater,abridgwaterqi@oaic.gov.au,Dodge,Ram 1500,1994,278577880689
Dulcy,Pennington,dpenningtonqj@devhub.com,Mercury,Milan,2008,119000231631
Slade,Stonehouse,sstonehouseqk@bizjournals.com,Jaguar,S-Type,2004,918989004830
Harley,Carrell,hcarrellql@desdev.cn,Cadillac,XLR,2009,857321301220
Morganne,Moyler,mmoylerqm@sitemeter.com,Volvo,S80,2001,301027087077
Merry,Crossland,mcrosslandqn@nhs.uk,Mazda,MX-5,2011,356469446726
Julina,Pond,jpondqo@ft.com,Mazda,Mazda6,2003,500488962721
Elvis,Chatain,echatainqp@abc.net.au,BMW,X5,2008,493212378929
Marshal,Fraschini,mfraschiniqq@hc360.com,Audi,TT,2002,566043387957
Calvin,Everton,cevertonqr@java.com,Ford,Laser,1989,1730391353
Denis,Stoaks,dstoaksqs@archive.org,Dodge,Ramcharger,1992,558847405751
Samuel,Gohier,sgohierqt@bloomberg.com,Chevrolet,Colorado,2012,955161248140
Coleman,Densey,cdenseyqu@bigcartel.com,Honda,Civic,2011,790077143471
Boonie,Segot,bsegotqv@timesonline.co.uk,Chevrolet,Suburban 2500,1995,345469328409
Bunnie,Gillingwater,bgillingwaterqw@123-reg.co.uk,Audi,S4,2010,552474606319
Georg,Papachristophorou,gpapachristophorouqx@shinystat.com,Volkswagen,Passat,2006,82747023108
Oby,Sutcliffe,osutcliffeqy@google.co.uk,Ford,F250,2003,300590640803
Giuditta,Coase,gcoaseqz@forbes.com,Chevrolet,S10,2004,609095962353
Gwyneth,Cane,gcaner0@eepurl.com,Pontiac,Sunbird,1994,7036894984
Lian,Birkmyr,lbirkmyrr1@army.mil,Chevrolet,G-Series G30,1996,878500374518
Rob,Carillo,rcarillor2@ca.gov,Mercury,Mountaineer,2005,658895516569
Pia,Leahey,pleaheyr3@boston.com,Mercury,Mariner,2009,908116996816
Em,Ritzman,eritzmanr4@cmu.edu,Volkswagen,Touareg,2004,256262076023
Kingston,Cogswell,kcogswellr5@dailymotion.com,Honda,Accord,2008,959523799273
Bobine,Scouler,bscoulerr6@soundcloud.com,Lincoln,Mark VIII,1997,695402559433
Pepillo,Finder,pfinderr7@nature.com,Jaguar,XJ Series,1997,567272456627
Augustine,Likely,alikelyr8@google.pl,Chevrolet,Silverado 3500,2008,599170101785
Josephine,Dreigher,jdreigherr9@mac.com,Chevrolet,Astro,2002,382203631014
Legra,Garfath,lgarfathra@unicef.org,Chrysler,Aspen,2008,272221588197
Teodor,Garwood,tgarwoodrb@businessinsider.com,Jaguar,XJ,2008,945439510470
Levon,Birbeck,lbirbeckrc@bravesites.com,GMC,Rally Wagon G2500,1995,829632212482
Gerry,Tineman,gtinemanrd@plala.or.jp,Nissan,Versa,2007,96675396925
Noe,Fulks,nfulksre@apple.com,Chevrolet,Sportvan G30,1995,550547492513
Tandie,Bampkin,tbampkinrf@sohu.com,Merkur,XR4Ti,1985,644036905098
Edy,Tyas,etyasrg@netvibes.com,Oldsmobile,Aurora,1998,542439782778
Fremont,Spata,fspatarh@wikia.com,Dodge,Ram 2500,2010,863993317388
Clayson,Epinay,cepinayri@epa.gov,Subaru,Outback,2008,209273505189
Junina,Heinlein,jheinleinrj@redcross.org,Chevrolet,Monte Carlo,2006,624606312274
Temp,Whisby,twhisbyrk@loc.gov,Chrysler,Prowler,2001,632297992954
Ailina,Flahy,aflahyrl@amazon.de,Suzuki,XL-7,2006,614278775199
Hedvige,Cassells,hcassellsrm@bravesites.com,Maserati,Quattroporte,2007,564635321860
Carlyle,Ciottoi,cciottoirn@abc.net.au,Nissan,GT-R,2010,932291235354
Humfrey,Iannuzzi,hiannuzziro@elpais.com,Chevrolet,Silverado,2009,407881471049
Gabi,Gofford,ggoffordrp@php.net,Pontiac,Bonneville,1989,352619286383
Tamarra,Flawn,tflawnrq@dropbox.com,Acura,Integra,2000,464918465604
Celeste,Angove,cangoverr@pen.io,Kia,Rio,2011,935510687856
