id,enimi,pnimi,email,amark,amudel,aaasta,ahind
1,Ramon,Norgate,rnorgate0@google.com.au,Hummer,H1,2003,666494.33
2,Hadley,Dulany,hdulany1@howstuffworks.com,Ford,Mustang,1995,195672.06
3,Mathian,Kift,mkift2@intel.com,Lincoln,LS,2006,34614.84
4,Derrek,Corday,dcorday3@utexas.edu,Ford,Expedition,1997,107551.8
5,Worden,Wann,wwann4@4shared.com,Hyundai,Sonata,1998,628889.76
6,Tonie,MacCallum,tmaccallum5@blog.com,Nissan,370Z,2009,159731.22
7,Price,Batcock,pbatcock6@ebay.co.uk,GMC,2500 Club Coupe,1994,752084.8
8,Mervin,Thornally,mthornally7@theatlantic.com,Maybach,62,2006,876309.5
9,Millard,Loftie,mloftie8@businessweek.com,GMC,Envoy XL,2002,506007.61
10,Clem,Howels,chowels9@odnoklassniki.ru,Volkswagen,Passat,1988,460249.57
11,Emyle,Clausen,eclausena@surveymonkey.com,Audi,A4,2007,864342.6
12,Cristie,Carlaw,ccarlawb@twitter.com,Buick,Riviera,1986,563353.1
13,Ardenia,Rack,arackc@geocities.jp,Toyota,T100,1993,878908.39
14,Annabelle,Petruskevich,apetruskevichd@lycos.com,Audi,S6,2009,312075.54
15,Mathilde,Paramor,mparamore@wiley.com,Scion,tC,2007,228254.06
16,Gaelan,Cunniam,gcunniamf@samsung.com,Cadillac,Eldorado,2000,224813.09
17,Markus,Adamolli,madamollig@blogtalkradio.com,Audi,A6,2001,14125.77
18,Carol,Edgehill,cedgehillh@ted.com,Dodge,Ram,2007,480061.47
19,Dione,Kimm,dkimmi@mit.edu,Cadillac,XLR,2007,213371.54
20,Cirilo,Kilban,ckilbanj@bing.com,Audi,A8,2002,695654.27
21,Enrica,Elam,eelamk@liveinternet.ru,Suzuki,Swift,1994,264998.38
22,Jule,Candlin,jcandlinl@xinhuanet.com,Mazda,CX-7,2007,728777.2
23,Sascha,Seagrave,sseagravem@cyberchimps.com,Lexus,SC,1999,807745.32
24,Lianne,Scanterbury,lscanterburyn@state.gov,Subaru,Legacy,1999,64607.19
25,Cece,Lyford,clyfordo@newsvine.com,Lincoln,Navigator,1999,711239.38
26,Tracey,Denkel,tdenkelp@opensource.org,GMC,Savana 3500,1996,337261.36
27,Orella,Roose,orooseq@cargocollective.com,Mercury,Villager,1994,120174.71
28,Hakeem,Lensch,hlenschr@creativecommons.org,GMC,Sierra 3500,2009,81783.75
29,Adda,Laux,alauxs@yahoo.com,Volvo,XC90,2011,989285.78
30,Robby,Lodwig,rlodwigt@skyrock.com,Mazda,Miata MX-5,2012,335942.2
31,Mariana,Knowles,mknowlesu@microsoft.com,Mercedes-Benz,G-Class,2012,237113.57
32,Kendricks,Goodlip,kgoodlipv@home.pl,Chrysler,Concorde,1998,519184.7
33,Emmet,Marzella,emarzellaw@about.me,Toyota,Tercel,1996,49951.7
34,Curran,Wortley,cwortleyx@scribd.com,Volkswagen,Cabriolet,1998,182584.91
35,Amelina,Lorraway,alorrawayy@aol.com,Ford,Th!nk,2001,290413.09
36,Idelle,Brampton,ibramptonz@flickr.com,Volkswagen,GTI,1987,159629.53
37,Kiersten,Sheerin,ksheerin10@chronoengine.com,Subaru,B9 Tribeca,2006,918876.76
38,Wang,Karolczyk,wkarolczyk11@icq.com,Rolls-Royce,Ghost,2010,555097.14
39,Colas,Oakwood,coakwood12@harvard.edu,Chrysler,300M,2004,291135.88
40,Isidore,Boal,iboal13@wikipedia.org,Cadillac,STS,2006,169220.25
41,Martynne,Maxworthy,mmaxworthy14@yale.edu,Lincoln,Continental,1995,241999.89
42,Jared,Leeburn,jleeburn15@youtu.be,Saturn,S-Series,2000,255965.05
43,Flemming,Aitken,faitken16@nps.gov,Cadillac,XLR,2005,614291.22
44,Frederique,Heephy,fheephy17@huffingtonpost.com,Plymouth,Colt Vista,1992,147099.81
45,Jackie,Phittiplace,jphittiplace18@army.mil,Volkswagen,Jetta,1992,235813.57
46,Jayson,Hughlock,jhughlock19@sina.com.cn,Saab,9-3,2002,171501.79
47,Phedra,Skydall,pskydall1a@ebay.com,Saturn,VUE,2009,253655.15
48,Tiphanie,Saturley,tsaturley1b@edublogs.org,Mercedes-Benz,CLK-Class,2007,836543.66
49,Noel,Simanek,nsimanek1c@prlog.org,Mitsubishi,RVR,1995,526367.52
50,Danella,Smissen,dsmissen1d@wikipedia.org,Toyota,Camry,2005,652714.15
51,Anny,Rawstorn,arawstorn1e@netlog.com,Scion,xD,2010,933189.97
52,Elna,Lyver,elyver1f@weather.com,Ford,Club Wagon,1998,900290.15
53,Duff,Hacquoil,dhacquoil1g@nih.gov,Mazda,Tribute,2005,341287.2
54,Peterus,Paladino,ppaladino1h@utexas.edu,BMW,525,2006,307531.36
55,Valera,Purnell,vpurnell1i@icq.com,Chrysler,Prowler,2002,417284.22
56,Aime,Musterd,amusterd1j@themeforest.net,Ford,Econoline E250,1999,411827.66
57,Carver,Mathys,cmathys1k@google.ru,Honda,Accord,1989,945938.82
58,Cleveland,Iorns,ciorns1l@arizona.edu,Mercury,Tracer,1994,336407.24
59,Algernon,Guthrie,aguthrie1m@wix.com,Pontiac,LeMans,1967,859314.91
60,Arlena,McGeady,amcgeady1n@gov.uk,Chrysler,Voyager,2003,656256.67
61,Forrester,Sleigh,fsleigh1o@aol.com,Chevrolet,Corvette,1968,832430.21
62,Flossi,Wormell,fwormell1p@redcross.org,Lexus,LS,2002,603217.93
63,Staford,McCullouch,smccullouch1q@mtv.com,Fiat,Nuova 500,2012,868871.22
64,Asia,Duxbarry,aduxbarry1r@surveymonkey.com,Cadillac,CTS,2011,816262.51
65,Nerta,Volcker,nvolcker1s@dyndns.org,Ford,Laser,1988,191785.63
66,Melodee,Gages,mgages1t@goo.gl,Ferrari,F430,2006,876092.53
67,Lani,Hanvey,lhanvey1u@unblog.fr,Honda,Civic,2001,16622.77
68,Katerina,Larchier,klarchier1v@buzzfeed.com,Mercury,Grand Marquis,2001,180616.35
69,Maryjo,Matchitt,mmatchitt1w@sogou.com,Dodge,Dakota,1993,812360.26
70,Colby,Dignan,cdignan1x@storify.com,Nissan,GT-R,2013,889096.31
71,Preston,Plunkett,pplunkett1y@bizjournals.com,Cadillac,DeVille,1999,225721.25
72,Jemmie,Kingaby,jkingaby1z@networkadvertising.org,Ford,E-Series,1987,601863.18
73,Hayyim,Beacon,hbeacon20@europa.eu,Dodge,Ram Van 3500,1995,245705.22
74,Nina,Lavers,nlavers21@forbes.com,Chevrolet,Caprice,1994,566894.24
75,Leta,Bunkle,lbunkle22@flavors.me,Mitsubishi,Pajero,1991,165843.87
76,Norry,Sedworth,nsedworth23@addthis.com,Pontiac,Grand Am,1985,859378.81
77,Lanette,Mahy,lmahy24@yelp.com,Cadillac,DTS,2006,516973.39
78,Calypso,Dillingham,cdillingham25@so-net.ne.jp,Dodge,Sprinter,2006,81559.37
79,Winfred,Balmann,wbalmann26@nature.com,Mitsubishi,Outlander,2003,519206.02
80,Alexandros,Degoix,adegoix27@cbc.ca,Porsche,Cayenne,2005,860268.58
81,Ole,Bellwood,obellwood28@wp.com,Daewoo,Nubira,1999,944987.71
82,Rosalia,Schild,rschild29@fotki.com,Nissan,Versa,2012,827683.8
83,Reynard,Mulvin,rmulvin2a@ftc.gov,Porsche,911,1991,121998.42
84,Berni,Blaydon,bblaydon2b@cdc.gov,Mitsubishi,Endeavor,2006,220117.53
85,Melly,Conniam,mconniam2c@army.mil,Volkswagen,Passat,2006,812096.41
86,Janean,Dommerque,jdommerque2d@princeton.edu,Pontiac,Bonneville,1996,19007.03
87,Baird,Halston,bhalston2e@hc360.com,Toyota,Tacoma,2001,52554.06
88,Erny,Whitfield,ewhitfield2f@sciencedirect.com,Buick,Riviera,1992,243142.61
89,Lilah,Beech,lbeech2g@barnesandnoble.com,GMC,Savana 2500,2003,672328.14
90,Letti,Hourahan,lhourahan2h@acquirethisname.com,Buick,Riviera,1991,275550.4
91,Hamlin,Egle of Germany,hegleofgermany2i@cam.ac.uk,Toyota,Land Cruiser,2006,828974.83
92,Jude,Milius,jmilius2j@multiply.com,Audi,Coupe GT,1987,584220.12
93,Akim,Eckersley,aeckersley2k@hubpages.com,Kia,Sephia,2000,649509.72
94,Giacinta,Churching,gchurching2l@opera.com,Ford,Explorer,2001,460320.34
95,Wynne,Norres,wnorres2m@creativecommons.org,Dodge,Ram Van 1500,2003,79436.59
96,Cory,Aishford,caishford2n@spiegel.de,Chevrolet,Express 3500,2004,298535.76
97,Osmund,Jeggo,ojeggo2o@nih.gov,Lincoln,Continental,1988,182300.62
98,Galen,Longfield,glongfield2p@unesco.org,Land Rover,Discovery,2005,898902.0
99,Vitia,Stuckey,vstuckey2q@goo.ne.jp,Cadillac,CTS,2006,399061.68
100,Carleton,Brockhouse,cbrockhouse2r@eepurl.com,Chrysler,300M,1999,247532.04
101,Neilla,Skewis,nskewis2s@blogspot.com,Dodge,Durango,2012,588751.24
102,Teressa,Bohman,tbohman2t@ameblo.jp,Geo,Tracker,1992,755311.85
103,Clevie,Scholer,cscholer2u@studiopress.com,Mitsubishi,Montero Sport,2002,286798.82
104,Haley,Maciaszek,hmaciaszek2v@nhs.uk,Volvo,S60,2011,645951.12
105,Claybourne,Colhoun,ccolhoun2w@ebay.com,Acura,NSX,1994,815926.98
106,Margi,Baty,mbaty2x@php.net,Lincoln,Mark VII,1984,749559.69
107,Lorilee,McKeady,lmckeady2y@yandex.ru,Aston Martin,V8 Vantage,2008,361078.12
108,Silva,Loomes,sloomes2z@chron.com,Acura,RL,2004,906228.94
109,Ortensia,McAnellye,omcanellye30@taobao.com,Porsche,Panamera,2011,191791.24
110,Tybi,Brockley,tbrockley31@hc360.com,Chevrolet,Silverado 2500,2007,93831.29
111,Monti,Sandy,msandy32@fastcompany.com,Maserati,Quattroporte,2011,266634.72
112,Jillie,Swithenby,jswithenby33@usgs.gov,Acura,SLX,1999,962236.99
113,Gerik,Plak,gplak34@hc360.com,Dodge,Intrepid,2002,58129.72
114,Paddy,Jestico,pjestico35@yandex.ru,Mitsubishi,Galant,2008,401655.44
115,Colby,Cruft,ccruft36@boston.com,Mazda,MX-5,1994,983513.39
116,Dosi,Barenski,dbarenski37@ifeng.com,Porsche,911,2003,32248.4
117,Bonnee,Sunner,bsunner38@msn.com,Oldsmobile,98,1992,494737.93
118,Rafferty,Slatford,rslatford39@bing.com,Subaru,BRZ,2013,191759.97
119,Clifford,Mapham,cmapham3a@whitehouse.gov,BMW,3 Series,1997,787001.46
120,Harriett,MacKereth,hmackereth3b@berkeley.edu,Honda,Civic,1996,736203.07
121,Korry,Cubbit,kcubbit3c@princeton.edu,Dodge,Charger,2008,716709.55
122,Xaviera,Rickford,xrickford3d@cdc.gov,Ford,Econoline E150,1995,655166.58
123,Fancie,Gleadhell,fgleadhell3e@msn.com,Buick,Verano,2012,299124.84
124,Frannie,Cuddihy,fcuddihy3f@yellowpages.com,Chevrolet,Express 3500,2011,279528.83
125,Eleonora,Pirt,epirt3g@rakuten.co.jp,Audi,A8,2012,625089.99
126,Marj,Holbury,mholbury3h@mac.com,Subaru,Tribeca,2009,903420.75
127,Ruby,Mulkerrins,rmulkerrins3i@ed.gov,Dodge,Ram Van 3500,2003,941302.59
128,Lelah,Sturrock,lsturrock3j@sina.com.cn,Honda,S2000,2001,135243.64
129,Corly,Carrol,ccarrol3k@webs.com,Mercury,Grand Marquis,1986,258275.03
130,Tallou,Robeiro,trobeiro3l@ezinearticles.com,Ford,Fairlane,1967,141541.04
131,Roman,Littrell,rlittrell3m@house.gov,Ford,Focus,2009,725936.83
132,Julina,Fernehough,jfernehough3n@alibaba.com,Isuzu,VehiCROSS,2000,546199.28
133,Brittan,Itzcovichch,bitzcovichch3o@boston.com,Acura,TL,2004,722672.78
134,June,Coat,jcoat3p@bloomberg.com,Ram,Dakota,2011,628149.49
135,Daisi,Domico,ddomico3q@comcast.net,Mercedes-Benz,SLR McLaren,2005,734851.22
136,Eleonora,Antoshin,eantoshin3r@deviantart.com,Audi,Quattro,1994,620897.97
137,Clary,Glabach,cglabach3s@themeforest.net,Lamborghini,Gallardo,2003,39397.39
138,Truman,Petroff,tpetroff3t@netlog.com,GMC,Yukon,2013,505630.25
139,Gisele,Easby,geasby3u@tinyurl.com,Dodge,Ram 1500,1994,553884.59
140,Stafani,Blades,sblades3v@hibu.com,GMC,Savana 2500,2002,447966.73
141,Gayler,Stonard,gstonard3w@nyu.edu,Mercury,Grand Marquis,1993,439503.33
142,Barbee,Neylan,bneylan3x@cbc.ca,Mitsubishi,Starion,1989,789894.8
143,Thorndike,Bendik,tbendik3y@gmpg.org,Saturn,S-Series,1995,142334.37
144,Rodie,Golston,rgolston3z@example.com,Pontiac,G3,2009,453277.0
145,Ewart,Leefe,eleefe40@ftc.gov,Dodge,Ram Van 3500,2002,727404.08
146,Alfie,Friett,afriett41@sogou.com,Lincoln,Continental,1984,664002.98
147,Ardyce,Van Arsdall,avanarsdall42@discuz.net,Ferrari,California,2010,883643.11
148,Gwynne,Danielkiewicz,gdanielkiewicz43@newyorker.com,Nissan,350Z Roadster,2006,186998.4
149,Dacia,Bumphries,dbumphries44@csmonitor.com,Ford,LTD Crown Victoria,1990,686345.7
150,Octavius,Cowdry,ocowdry45@phoca.cz,Audi,TT,2005,30753.74
151,Agustin,Hindenberger,ahindenberger46@com.com,Suzuki,Sidekick,1993,951981.49
152,Rowan,Haskew,rhaskew47@un.org,GMC,Savana 1500,2006,45142.18
153,Casie,Fodden,cfodden48@bigcartel.com,Chevrolet,Tahoe,2006,591695.27
154,Raynell,MacKilroe,rmackilroe49@biblegateway.com,Isuzu,Amigo,1998,578016.79
155,Virginia,Dole,vdole4a@army.mil,GMC,2500,1992,662299.9
156,Donnamarie,Tofanelli,dtofanelli4b@feedburner.com,Saab,9-5,2010,145710.18
157,Brion,Comins,bcomins4c@canalblog.com,Toyota,RAV4,1998,925203.68
158,Tatiania,Beadle,tbeadle4d@elpais.com,Dodge,Ram Van 2500,1995,781368.59
159,Corilla,Odegaard,codegaard4e@twitter.com,Chevrolet,Corvette,1988,840475.48
160,Blondy,Screwton,bscrewton4f@indiatimes.com,Toyota,RAV4,2008,278548.85
161,Austin,Le Breton De La Vieuville,alebretondelavieuville4g@plala.or.jp,Lexus,ES,1998,160240.03
162,Boycey,Ricciardiello,bricciardiello4h@vistaprint.com,BMW,X3,2008,515608.32
163,Deedee,Haistwell,dhaistwell4i@go.com,Chevrolet,Malibu,2012,184824.28
164,Norma,Munro,nmunro4j@slate.com,Porsche,944,1986,408691.91
165,Temple,Stigers,tstigers4k@instagram.com,Lexus,GS,2007,907298.0
166,Hestia,Gerish,hgerish4l@ed.gov,Chrysler,Concorde,1995,626163.26
167,Issi,Reeday,ireeday4m@huffingtonpost.com,Ford,Mustang,1968,367799.73
168,Jinny,Pudding,jpudding4n@imdb.com,GMC,Savana 2500,2006,308621.03
169,Bartholomeo,Castanares,bcastanares4o@digg.com,Mercury,Marauder,2003,242285.13
170,Maddy,Staning,mstaning4p@comcast.net,Dodge,Ram 3500,2009,618276.89
171,Katine,Dametti,kdametti4q@theguardian.com,Lexus,LS,2012,418235.27
172,Elfrida,Betton,ebetton4r@wired.com,Volkswagen,Jetta,1987,623713.31
173,Tamqrah,Dallon,tdallon4s@wunderground.com,Lincoln,Mark LT,2006,240168.2
174,Francoise,Dradey,fdradey4t@go.com,Kia,Sorento,2005,517691.79
175,Madelon,MacVicar,mmacvicar4u@ebay.com,Infiniti,I,2002,623696.39
176,Luciana,Lythgoe,llythgoe4v@yandex.ru,Ford,E350,2005,999853.71
177,Karisa,Heinl,kheinl4w@europa.eu,Volkswagen,New Beetle,1998,351716.26
178,Bryant,Droghan,bdroghan4x@pcworld.com,Toyota,Sequoia,2006,141179.37
179,Vittoria,Fontanet,vfontanet4y@slideshare.net,Oldsmobile,Aurora,1999,468134.33
180,Anny,Kidwell,akidwell4z@webnode.com,Pontiac,Firefly,1995,641124.34
181,Lanny,Swallwell,lswallwell50@comcast.net,Honda,S2000,2004,864732.03
182,Jamima,Huyton,jhuyton51@reuters.com,GMC,Savana 2500,1998,153054.42
183,Ivie,D'Agostino,idagostino52@t-online.de,Buick,Regal,1995,256202.48
184,Wit,Fermoy,wfermoy53@vimeo.com,Lotus,Elise,2007,449545.6
185,Mallory,Wakes,mwakes54@addthis.com,Suzuki,Aerio,2005,426156.05
186,Yehudi,Tocqueville,ytocqueville55@amazon.co.uk,Chevrolet,Tahoe,1999,887698.24
187,Garnet,Pavier,gpavier56@ezinearticles.com,Cadillac,Seville,2000,460059.52
188,Tristam,Faulkes,tfaulkes57@desdev.cn,Scion,xA,2005,142938.23
189,Hoyt,Madeley,hmadeley58@yolasite.com,Audi,S4,1993,356946.55
190,Morna,Iorillo,miorillo59@ca.gov,Ford,E250,2012,518268.33
191,Wilfrid,Benallack,wbenallack5a@360.cn,Volvo,850,1995,225135.52
192,Shannon,Winspurr,swinspurr5b@blogtalkradio.com,Mercury,Tracer,1997,799906.03
193,Sidonnie,Matisse,smatisse5c@samsung.com,Land Rover,Range Rover Classic,1993,275426.72
194,Clyde,Cohrs,ccohrs5d@ocn.ne.jp,Chevrolet,G-Series G10,1994,273114.0
195,Chrystal,Bernardeschi,cbernardeschi5e@latimes.com,Pontiac,LeMans,1988,610556.48
196,Molly,Noir,mnoir5f@godaddy.com,Subaru,Forester,1998,574418.93
197,Genni,Gynni,ggynni5g@wix.com,Buick,Riviera,1988,737913.71
198,Carmella,Ragless,cragless5h@youku.com,Ford,Econoline E250,1997,865788.38
199,Elane,Mattiato,emattiato5i@google.nl,Ford,Aerostar,1996,396522.45
200,Ignacius,Woolam,iwoolam5j@scientificamerican.com,Mitsubishi,Eclipse,1994,452003.84
201,Chantal,Hucker,chucker5k@ox.ac.uk,Mazda,Mazda6,2011,284437.63
202,Piper,Billows,pbillows5l@hc360.com,Honda,S2000,2003,711995.17
203,Bridget,Iacobucci,biacobucci5m@intel.com,Ford,Ranger,1990,544986.05
204,Anneliese,Draisey,adraisey5n@mediafire.com,Buick,Park Avenue,2002,410937.14
205,Ario,Chin,achin5o@jalbum.net,MINI,Cooper,2003,330626.76
206,Byram,Kerins,bkerins5p@prlog.org,Toyota,Celica,1999,210125.22
207,Rudy,Luciano,rluciano5q@1und1.de,Chrysler,Imperial,1992,645631.79
208,Jakob,Dumbelton,jdumbelton5r@1und1.de,Chevrolet,Beretta,1994,76683.46
209,Hilary,Maciocia,hmaciocia5s@sciencedaily.com,Chrysler,300C,2005,894356.41
210,Rosetta,Davitti,rdavitti5t@walmart.com,Porsche,928,1993,733590.16
211,Carmon,Yekel,cyekel5u@deliciousdays.com,Mitsubishi,Raider,2009,97110.87
212,Salome,Whitlow,swhitlow5v@google.com,Chevrolet,Tracker,2002,158840.45
213,Charis,Archbould,carchbould5w@w3.org,Panoz,Esperante,2007,302058.6
214,Bjorn,Robison,brobison5x@microsoft.com,Lincoln,Town Car,2005,718517.08
215,Cally,Furnell,cfurnell5y@umn.edu,Ford,Expedition EL,2010,439732.86
216,Mareah,Gorch,mgorch5z@jiathis.com,Audi,Q7,2009,160103.74
217,Jaine,Vitler,jvitler60@ifeng.com,Oldsmobile,Bravada,1997,916724.79
218,Joellyn,Sigars,jsigars61@ucoz.com,Daewoo,Lanos,2000,67379.97
219,Ardelis,Strickler,astrickler62@microsoft.com,Chevrolet,Tahoe,2007,525707.04
220,Modestine,Forge,mforge63@creativecommons.org,Ford,Crown Victoria,2008,361108.32
221,Ronna,McCarry,rmccarry64@cbc.ca,Scion,xB,2012,539866.04
222,Yelena,Braley,ybraley65@simplemachines.org,Toyota,Celica,1998,485824.94
223,Boot,Wheeler,bwheeler66@amazonaws.com,Subaru,Baja,2004,182103.67
224,Floria,Guilford,fguilford67@engadget.com,MINI,Cooper,2009,206316.89
225,Cchaddie,Gregol,cgregol68@seesaa.net,Cadillac,SRX,2009,450949.13
226,Jarrett,Dust,jdust69@ted.com,Ford,Ranger,1984,929375.36
227,Giovanna,Huggett,ghuggett6a@engadget.com,Audi,S4,2009,929180.75
228,Dallas,Bedinn,dbedinn6b@bandcamp.com,Nissan,Altima,1995,934454.2
229,Hatty,Skrines,hskrines6c@kickstarter.com,Saab,9000,1990,965475.57
230,Alexandra,Broadwood,abroadwood6d@slate.com,Lincoln,Town Car,1999,261846.52
231,Bailey,Lebond,blebond6e@list-manage.com,Lexus,LS,2010,34668.92
232,Thorin,Bolus,tbolus6f@dion.ne.jp,BMW,M3,2008,436709.61
233,Farly,Zanazzi,fzanazzi6g@cornell.edu,Chevrolet,Camaro,1967,419166.95
234,Isador,Crowdy,icrowdy6h@hubpages.com,Pontiac,Grand Prix,2004,868550.61
235,Kevina,Beevers,kbeevers6i@google.co.uk,Mercedes-Benz,SL-Class,1993,834259.94
236,Niven,Haistwell,nhaistwell6j@trellian.com,Isuzu,Hombre,1997,76715.98
237,Brooks,McGillicuddy,bmcgillicuddy6k@over-blog.com,Ford,F250,1999,298526.72
238,Goldia,Leer,gleer6l@apple.com,Volvo,S40,2010,675886.58
239,Marlyn,Jacmard,mjacmard6m@usa.gov,Lotus,Esprit,1990,151310.72
240,Brantley,Lowman,blowman6n@so-net.ne.jp,Honda,Passport,1999,704915.66
241,Farlay,Cathel,fcathel6o@wikipedia.org,Acura,RSX,2002,139360.39
242,Hamil,Burgise,hburgise6p@foxnews.com,BMW,530,2006,733365.71
243,Clary,Austing,causting6q@etsy.com,Dodge,Ram Van B250,1992,281946.44
244,Arlen,Deluce,adeluce6r@time.com,Morgan,Aero 8,2008,569193.69
245,Flory,Kenwyn,fkenwyn6s@abc.net.au,Nissan,Pathfinder,1998,662205.08
246,Amery,Smallacombe,asmallacombe6t@boston.com,Chevrolet,Astro,1999,186022.66
247,Jolyn,Freddi,jfreddi6u@linkedin.com,Rolls-Royce,Phantom,2013,878098.26
248,Katya,Clampin,kclampin6v@storify.com,Ford,Taurus,2008,891745.04
249,Lyndell,Gothliff,lgothliff6w@patch.com,Mitsubishi,Precis,1990,868971.07
250,Berke,Elcomb,belcomb6x@state.gov,BMW,3 Series,2002,381565.21
251,Barry,Vernalls,bvernalls6y@auda.org.au,Dodge,Durango,2008,813606.04
252,Templeton,Rickell,trickell6z@hostgator.com,Mercedes-Benz,E-Class,2006,353712.06
253,Dimitri,Kynnd,dkynnd70@hhs.gov,Mazda,MPV,1997,662992.69
254,Ivor,Triner,itriner71@behance.net,Nissan,200SX,1996,126056.69
255,Gwynne,Monnelly,gmonnelly72@technorati.com,GMC,Acadia,2012,885176.61
256,Roxana,Rutherforth,rrutherforth73@slashdot.org,Hyundai,Elantra,2012,856911.65
257,Quincy,Nend,qnend74@upenn.edu,Volkswagen,Passat,1992,71559.0
258,Rubi,Bickerdyke,rbickerdyke75@princeton.edu,Volvo,940,1994,528383.34
259,Xever,Cousens,xcousens76@mapquest.com,Chevrolet,Astro,2000,499549.3
260,Mimi,Gregor,mgregor77@over-blog.com,Ford,Expedition,2006,875730.31
261,Liza,Conneau,lconneau78@purevolume.com,Buick,Regal,1997,916119.73
262,Audrie,Deaconson,adeaconson79@si.edu,BMW,330,2006,980251.91
263,Benny,Plume,bplume7a@gnu.org,Nissan,Xterra,2010,147525.5
264,Minnnie,Skettles,mskettles7b@upenn.edu,Dodge,Challenger,2009,306031.14
265,Heda,Lyall,hlyall7c@live.com,Lexus,IS,2002,767151.96
266,Dari,Figgins,dfiggins7d@go.com,BMW,8 Series,1993,245776.32
267,Dick,Grooby,dgrooby7e@epa.gov,Pontiac,Bonneville,1966,421100.35
268,Galen,MacCallum,gmaccallum7f@imdb.com,Ford,F-Series,1993,293308.6
269,Demetra,Angelini,dangelini7g@barnesandnoble.com,Chevrolet,Camaro,2001,790197.74
270,Hedi,Skentelbery,hskentelbery7h@google.com.au,Saab,9-3,2003,148824.59
271,Auria,O'Dyvoy,aodyvoy7i@quantcast.com,BMW,M3,2002,473844.57
272,Brodie,Dudderidge,bdudderidge7j@independent.co.uk,Suzuki,Samurai,1992,442488.59
273,Dion,Asman,dasman7k@washingtonpost.com,Ford,E350,2008,440884.16
274,Alma,Girkin,agirkin7l@washingtonpost.com,Mercedes-Benz,SL-Class,1992,155236.97
275,Sibley,O'Downe,sodowne7m@nytimes.com,Cadillac,XLR,2008,461663.63
276,Sim,Starzaker,sstarzaker7n@deviantart.com,BMW,M6,2010,90446.35
277,Zaccaria,Lenchenko,zlenchenko7o@mashable.com,Audi,riolet,1994,420646.08
278,Maia,O'Scandall,moscandall7p@gov.uk,Nissan,Titan,2008,300272.19
279,Maegan,Soeiro,msoeiro7q@about.com,Mazda,Mazda3,2010,785519.14
280,Derrek,Riggott,driggott7r@wikia.com,Pontiac,Grand Am,1998,624723.78
281,Marlon,Calbaithe,mcalbaithe7s@addthis.com,Buick,LeSabre,2005,452271.13
282,Pollyanna,Hatchard,phatchard7t@hibu.com,Suzuki,XL-7,2003,674664.05
283,Locke,Drake,ldrake7u@cocolog-nifty.com,Land Rover,Range Rover,1986,799625.48
284,Martguerita,Rodson,mrodson7v@epa.gov,Volvo,C30,2012,334310.23
285,Percival,McWhorter,pmcwhorter7w@printfriendly.com,GMC,Savana 1500,2004,521468.2
286,Lydon,Edler,ledler7x@sphinn.com,Cadillac,DeVille,1997,136657.51
287,Gardie,Sedgeworth,gsedgeworth7y@buzzfeed.com,Ford,F-Series Super Duty,2010,91304.35
288,Charlotte,McLernon,cmclernon7z@unc.edu,Pontiac,Trans Sport,1990,14543.11
289,Leora,Chezier,lchezier80@apple.com,GMC,Safari,2004,585233.5
290,Misti,Ivanets,mivanets81@photobucket.com,Kia,Sephia,1994,894245.34
291,Ky,Pavia,kpavia82@e-recht24.de,Subaru,Legacy,2010,547533.82
292,Dian,Powney,dpowney83@ca.gov,GMC,1500,1998,450946.13
293,Garwood,Casbolt,gcasbolt84@reddit.com,Volkswagen,New Beetle,2001,687559.31
294,Eal,Paragreen,eparagreen85@yale.edu,Subaru,Justy,1989,111009.07
295,Andie,Dillon,adillon86@pinterest.com,Kia,Rio,2010,866595.55
296,Wanids,Doogue,wdoogue87@wufoo.com,Dodge,Ram 3500,2001,954633.27
297,Sabrina,Moggach,smoggach88@xing.com,Mazda,626,1988,611324.47
298,Drake,De Caroli,ddecaroli89@instagram.com,Mercury,Sable,2005,177751.67
299,Schuyler,McGloughlin,smcgloughlin8a@abc.net.au,Nissan,Quest,2011,243605.73
300,Cesya,Pareman,cpareman8b@ustream.tv,Mazda,Millenia,2002,906161.86
301,Chrissy,Huet,chuet8c@wikimedia.org,Plymouth,Roadrunner,1969,35419.4
302,Cristina,Midlane,cmidlane8d@mozilla.com,Mercedes-Benz,SL-Class,1990,278305.32
303,Edik,Lieber,elieber8e@taobao.com,MINI,Cooper,2004,168287.48
304,Remus,Poure,rpoure8f@constantcontact.com,Cadillac,Escalade,2010,306023.2
305,Gisela,Schollick,gschollick8g@360.cn,Mitsubishi,Cordia,1984,91227.56
306,Illa,McCulloch,imcculloch8h@php.net,Lamborghini,Diablo,1992,66905.78
307,Pearla,Wilkin,pwilkin8i@nasa.gov,BMW,5 Series,2004,678009.14
308,Josi,Murphey,jmurphey8j@lycos.com,Buick,Riviera,1987,786423.35
309,Haleigh,Wrennall,hwrennall8k@dailymail.co.uk,Dodge,Ram Van B250,1994,116166.99
310,Spenser,Roads,sroads8l@slashdot.org,Geo,Metro,1994,874505.97
311,Broddy,McCarrick,bmccarrick8m@google.co.jp,BMW,5 Series,1995,863588.26
312,Augustus,Kondrachenko,akondrachenko8n@google.nl,GMC,Yukon XL 1500,2008,217956.01
313,Savina,Sancraft,ssancraft8o@sogou.com,Ford,Escort,1996,866587.79
314,Della,Dragoe,ddragoe8p@free.fr,Chevrolet,Silverado 2500,2010,455892.05
315,Phineas,Sprankling,psprankling8q@ed.gov,Toyota,Prius,2012,734204.27
316,Early,Dooley,edooley8r@nydailynews.com,Toyota,Camry,2002,598236.1
317,Carolynn,Moses,cmoses8s@mac.com,Mercury,Mountaineer,2001,69547.91
318,Kathrine,Spencers,kspencers8t@cyberchimps.com,Mercedes-Benz,S-Class,1996,758806.76
319,Marcello,Tanzig,mtanzig8u@patch.com,Nissan,Versa,2012,116538.66
320,Emmeline,Densun,edensun8v@apple.com,Pontiac,Sunfire,2001,713099.98
321,Cordie,Imms,cimms8w@senate.gov,Mercury,Mountaineer,2005,764113.7
322,Mamie,Villiers,mvilliers8x@histats.com,Toyota,RAV4,2012,53151.95
323,Sergent,Gallacher,sgallacher8y@answers.com,Volkswagen,Corrado,1990,846603.43
324,Lu,Kolodziej,lkolodziej8z@wiley.com,Infiniti,EX,2008,599240.96
325,Darryl,Stiant,dstiant90@cmu.edu,BMW,8 Series,1994,723873.17
326,Waverley,Swalwell,wswalwell91@rambler.ru,Mazda,Mazda6 5-Door,2006,193109.81
327,Aube,Hundy,ahundy92@naver.com,Chrysler,Concorde,2003,401353.03
328,Ross,Matyashev,rmatyashev93@princeton.edu,Lotus,Exige,2007,200610.95
329,Nannette,Esselen,nesselen94@seattletimes.com,Lexus,GS,1994,930955.31
330,Nat,Larkworthy,nlarkworthy95@imageshack.us,Buick,Roadmaster,1995,352200.43
331,Carlota,Swendell,cswendell96@boston.com,Mitsubishi,Eclipse,1996,380969.54
332,Wells,Redhead,wredhead97@umich.edu,GMC,Sonoma,2000,538710.81
333,Suzi,Duckers,sduckers98@typepad.com,Oldsmobile,Achieva,1992,508339.89
334,Francisca,Digby,fdigby99@fastcompany.com,Fairthorpe,Rockette,1960,92586.99
335,Worth,Emmott,wemmott9a@globo.com,Chevrolet,Express 2500,2005,55447.3
336,Marline,Aitkin,maitkin9b@tripod.com,Mercury,Cougar,1999,538421.99
337,Alec,Shaxby,ashaxby9c@arizona.edu,BMW,X5,2012,448994.16
338,Stanton,Ickeringill,sickeringill9d@forbes.com,Mazda,CX-9,2010,367591.46
339,Niles,Bailiss,nbailiss9e@jiathis.com,Nissan,Quest,1996,239511.62
340,Myrvyn,Colbran,mcolbran9f@flavors.me,Ford,LTD Crown Victoria,1989,39611.77
341,Dudley,Damato,ddamato9g@pinterest.com,Toyota,Supra,1993,228168.74
342,Rivi,Luchelli,rluchelli9h@skyrock.com,BMW,Z4,2005,226497.92
343,Bamby,Clacey,bclacey9i@va.gov,Mitsubishi,Cordia,1988,341190.37
344,Nerte,Millett,nmillett9j@twitpic.com,Nissan,Maxima,2000,808699.01
345,Felike,Breznovic,fbreznovic9k@prnewswire.com,Hyundai,Azera,2006,409457.68
346,Rebeca,Lune,rlune9l@japanpost.jp,Isuzu,Hombre Space,2000,179317.41
347,Desi,Plett,dplett9m@dailymail.co.uk,Acura,MDX,2002,83744.99
348,Ignace,Plampin,iplampin9n@delicious.com,BMW,530,2007,591184.92
349,Ari,Shakle,ashakle9o@flavors.me,Nissan,350Z,2005,627440.61
350,Alf,Guidi,aguidi9p@stanford.edu,Audi,A8,2006,760456.99
351,Datha,Tolerton,dtolerton9q@shop-pro.jp,Ford,Taurus,2000,784730.11
352,Gayleen,Scouse,gscouse9r@marriott.com,BMW,325,2004,90017.01
353,Sayers,Sevitt,ssevitt9s@smh.com.au,Aston Martin,V8 Vantage,2007,332037.8
354,Vernor,Rubberts,vrubberts9t@163.com,Cadillac,DeVille,2001,673322.99
355,Xylia,Withey,xwithey9u@eventbrite.com,Geo,Metro,1994,252850.54
356,Antonella,Bleckly,ableckly9v@creativecommons.org,Plymouth,Voyager,1999,886923.13
357,Simon,Luce,sluce9w@bloglovin.com,Porsche,928,1986,273343.0
358,Welsh,Jalland,wjalland9x@rediff.com,Kia,Amanti,2004,571615.81
359,Raquel,Reuben,rreuben9y@symantec.com,Chevrolet,SSR,2004,634448.72
360,Tuesday,Chaplain,tchaplain9z@amazon.de,BMW,525,2003,844012.27
361,Evin,Gallanders,egallandersa0@weather.com,Toyota,4Runner,1993,829794.43
362,Alisha,Mateiko,amateikoa1@pagesperso-orange.fr,Lincoln,Navigator,1998,587562.58
363,Virgilio,Muffitt,vmuffitta2@who.int,Chevrolet,Tahoe,2013,276963.75
364,Joelle,Barde,jbardea3@fotki.com,Pontiac,Bonneville,1993,844953.85
365,Claudette,Poller,cpollera4@goo.ne.jp,GMC,Sonoma,1999,123889.56
366,Kippar,Urlich,kurlicha5@mapquest.com,Ford,F150,1997,195635.8
367,Vicki,Cownden,vcowndena6@apache.org,Mercury,Topaz,1985,35411.41
368,Meredeth,Hillett,mhilletta7@joomla.org,Chevrolet,Blazer,2002,58571.14
369,Retha,Woliter,rwolitera8@google.com.hk,BMW,7 Series,1996,300576.68
370,Karlene,Guitt,kguitta9@eepurl.com,Audi,Q7,2012,138091.46
371,Aubree,Hugo,ahugoaa@nytimes.com,Chevrolet,Silverado 3500,2011,222751.95
372,Jolynn,Solesbury,jsolesburyab@shareasale.com,Isuzu,Rodeo Sport,2003,758345.16
373,Gennifer,Newlove,gnewloveac@linkedin.com,Ford,Thunderbird,1989,657010.79
374,Dwight,Quadri,dquadriad@fda.gov,Mitsubishi,Galant,1998,344401.72
375,Allene,Grahlman,agrahlmanae@google.fr,Buick,Regal,1994,127864.83
376,Alfons,Sleany,asleanyaf@mozilla.org,Land Rover,Discovery,2006,974297.95
377,Grace,Riveles,grivelesag@unblog.fr,Audi,S8,2002,770945.68
378,Carlotta,Swanson,cswansonah@wisc.edu,Porsche,914,1970,566321.61
379,Ricard,Caherny,rcahernyai@cornell.edu,Subaru,Baja,2006,956892.38
380,Waite,Drysdall,wdrysdallaj@gmpg.org,BMW,Z3,2002,405057.59
381,Prinz,Haythornthwaite,phaythornthwaiteak@gnu.org,Buick,Skylark,1996,880425.87
382,Teena,Duckworth,tduckworthal@rambler.ru,Aston Martin,V8 Vantage S,2011,102571.13
383,Foss,Luety,fluetyam@census.gov,Mitsubishi,Diamante,1993,354297.9
384,Celia,Sebrook,csebrookan@washington.edu,Ford,Expedition,1998,773357.52
385,Cherrita,Frogley,cfrogleyao@privacy.gov.au,Dodge,Ram Van B350,1994,958327.37
386,Genni,Maddox,gmaddoxap@com.com,Honda,Accord,2001,88251.65
387,Mandie,Guswell,mguswellaq@facebook.com,Ford,F150,1999,124585.29
388,Adella,Godly,agodlyar@ftc.gov,Ford,Tempo,1992,540805.4
389,Felicity,Huttley,fhuttleyas@globo.com,Pontiac,Turbo Firefly,1988,950119.82
390,Averil,Ridges,aridgesat@blog.com,Pontiac,Fiero,1984,274772.99
391,Thomasine,Devers,tdeversau@chicagotribune.com,Oldsmobile,Cutlass,1998,795230.67
392,Isobel,Petrovykh,ipetrovykhav@jigsy.com,Oldsmobile,Bravada,1997,120098.11
393,Bobby,Sprague,bspragueaw@sphinn.com,Chevrolet,Suburban 2500,1998,442698.42
394,Bone,Castledine,bcastledineax@clickbank.net,Chevrolet,Avalanche,2009,868884.15
395,Elise,Benedite,ebenediteay@washingtonpost.com,Toyota,Camry Hybrid,2008,203599.09
396,Alika,Shankland,ashanklandaz@themeforest.net,Mazda,Mazda6,2003,475952.76
397,Keriann,Pfeffel,kpfeffelb0@mail.ru,Mercedes-Benz,C-Class,2001,664201.1
398,Fairlie,Capron,fcapronb1@state.gov,Toyota,Avalon,2011,418668.85
399,Jenny,Trayhorn,jtrayhornb2@clickbank.net,Ford,Excursion,2005,31476.29
400,Vassily,Powe,vpoweb3@mozilla.org,Dodge,Intrepid,1994,16767.02
401,Horatius,Heineking,hheinekingb4@prnewswire.com,Cadillac,DTS,2006,985502.86
402,Constance,Garrett,cgarrettb5@youtube.com,Lexus,ES,1993,788131.62
403,Cam,Stabler,cstablerb6@storify.com,Nissan,Pathfinder,1997,542616.13
404,Artair,Feavyour,afeavyourb7@nbcnews.com,Oldsmobile,Cutlass Supreme,1993,175904.5
405,Hadrian,Judge,hjudgeb8@state.gov,Acura,Integra,1998,852337.87
406,Rowe,Greasty,rgreastyb9@sitemeter.com,Lotus,Exige,2010,176462.62
407,Emlyn,Picford,epicfordba@cargocollective.com,Ford,F-Series,2006,836226.09
408,Yankee,Shieldon,yshieldonbb@telegraph.co.uk,Dodge,Durango,2006,713992.55
409,Forrest,Caldecutt,fcaldecuttbc@exblog.jp,Ford,Focus,2001,684571.91
410,Luci,Ivakin,livakinbd@drupal.org,Ford,Bronco II,1990,975574.66
411,Kaleb,Ballister,kballisterbe@unc.edu,Subaru,Outback,2006,821406.49
412,Huberto,Coston,hcostonbf@infoseek.co.jp,Pontiac,Firebird,1993,164256.23
413,Salvador,Rushsorth,srushsorthbg@yahoo.com,Chrysler,Town & Country,2012,731440.91
414,Trenna,Sinnie,tsinniebh@rediff.com,Lamborghini,Countach,1988,521726.64
415,Virgie,Packer,vpackerbi@fda.gov,Austin,Mini Cooper S,1963,110064.96
416,Clarinda,Dulanty,cdulantybj@mayoclinic.com,Chevrolet,Cavalier,1992,348572.62
417,Othello,Horrell,ohorrellbk@indiegogo.com,Jeep,Patriot,2012,138979.78
418,Maggi,Aynscombe,maynscombebl@ucsd.edu,Buick,Skylark,1993,580488.62
419,Polly,Shadfourth,pshadfourthbm@tiny.cc,Nissan,Frontier,2002,637139.34
420,Sampson,Grayling,sgraylingbn@yellowpages.com,GMC,Yukon XL 2500,2004,734762.71
421,Imogene,Tythacott,itythacottbo@shareasale.com,Oldsmobile,98,1992,726825.68
422,Northrup,Duplock,nduplockbp@businessweek.com,Buick,Century,1985,626658.93
423,Misti,Nevill,mnevillbq@sourceforge.net,Volkswagen,Passat,2004,564477.85
424,Jessee,Emanuelov,jemanuelovbr@spotify.com,Mazda,Miata MX-5,2003,576764.85
425,Kalila,Losel,kloselbs@salon.com,Mercury,Cougar,1991,819011.01
426,Braden,Calder,bcalderbt@youku.com,Mazda,626,2002,787084.57
427,Murial,Zorro,mzorrobu@digg.com,Oldsmobile,Bravada,1997,435709.18
428,Orsa,Northedge,onorthedgebv@dion.ne.jp,Ford,LTD Crown Victoria,1987,506088.8
429,Blinni,McDuffy,bmcduffybw@taobao.com,Ford,Windstar,1995,29246.67
430,Kristan,Meredyth,kmeredythbx@mit.edu,Toyota,Venza,2009,86196.89
431,Jan,Linsey,jlinseyby@tmall.com,Ford,E350,2004,58174.22
432,Fleur,MacDowal,fmacdowalbz@ezinearticles.com,Mitsubishi,Galant,1985,661073.42
433,Germain,Meth,gmethc0@bloglovin.com,Dodge,Durango,2009,463179.03
434,Joeann,Dmtrovic,jdmtrovicc1@cmu.edu,Mercedes-Benz,G-Class,2012,24214.86
435,Alano,Sergean,asergeanc2@senate.gov,Ram,2500,2012,713645.81
436,Lulita,Sharpous,lsharpousc3@google.com.hk,Volkswagen,Routan,2012,452337.95
437,Lizzy,Witherby,lwitherbyc4@jugem.jp,Volkswagen,Passat,1995,769678.8
438,Yehudit,Peert,ypeertc5@themeforest.net,Chevrolet,Monte Carlo,1999,349582.21
439,Pegeen,Thelwll,pthelwllc6@imageshack.us,Volvo,XC90,2005,119964.6
440,Vyky,Weld,vweldc7@shutterfly.com,Suzuki,Esteem,1995,117213.97
441,Kacy,Rickersy,krickersyc8@microsoft.com,Cadillac,XLR,2004,910011.81
442,Linnie,Ludy,lludyc9@exblog.jp,Lexus,SC,1999,563391.57
443,Davidde,Fawbert,dfawbertca@auda.org.au,BMW,M,2002,75000.45
444,Davita,Tuminini,dtumininicb@wikimedia.org,Chevrolet,Monte Carlo,2002,214305.55
445,Sayer,Libbie,slibbiecc@psu.edu,Toyota,Camry Solara,2006,476762.6
446,Neville,Burlingham,nburlinghamcd@tinypic.com,Audi,S4,2007,735491.14
447,Erick,Longson,elongsonce@hubpages.com,Hyundai,Santa Fe,2004,476868.81
448,Milly,Hellens,mhellenscf@symantec.com,Mazda,B-Series Plus,1995,413497.6
449,Ikey,Proudley,iproudleycg@timesonline.co.uk,Lotus,Esprit Turbo,1984,542588.01
450,Kleon,Boolsen,kboolsench@ucoz.ru,Chevrolet,Suburban 2500,1993,19530.34
451,Susy,De Leek,sdeleekci@cnet.com,Isuzu,Amigo,1994,78042.54
452,Halli,Hatherley,hhatherleycj@ucoz.com,Mitsubishi,Galant,2010,290820.32
453,Linell,Curner,lcurnerck@hatena.ne.jp,Infiniti,FX,2012,656430.1
454,Ezekiel,Abrahamsohn,eabrahamsohncl@google.cn,Lotus,Elise,2009,686086.51
455,Magdalene,Bernardes,mbernardescm@w3.org,Mitsubishi,Precis,1992,195510.66
456,Wyatan,Mowne,wmownecn@engadget.com,Subaru,Legacy,2009,614709.16
457,Lissie,Lindmark,llindmarkco@webnode.com,Honda,CR-V,2010,333319.35
458,Luella,Eastup,leastupcp@ezinearticles.com,Eagle,Talon,1993,450247.85
459,Marcie,Mullany,mmullanycq@thetimes.co.uk,Subaru,Impreza,2006,799245.16
460,Gert,Seakes,gseakescr@prweb.com,Chevrolet,Cavalier,1999,570431.7
461,Carlyn,Iveson,civesoncs@nps.gov,Toyota,Camry,1998,350386.09
462,Julianne,Borthe,jborthect@last.fm,Toyota,Venza,2010,864508.43
463,Stanton,Gerhardt,sgerhardtcu@yale.edu,Lincoln,Mark VIII,1998,429108.95
464,Billie,Butchers,bbutcherscv@baidu.com,Lexus,GX,2006,776281.07
465,Leonerd,Casolla,lcasollacw@tiny.cc,Austin,Mini Cooper,1964,799586.8
466,Bastien,Gerleit,bgerleitcx@hostgator.com,Acura,Integra,2000,402253.2
467,Hephzibah,Arbuckel,harbuckelcy@arstechnica.com,Toyota,Celica,2001,875737.77
468,Ginnie,Pitman,gpitmancz@digg.com,Scion,xD,2011,594733.2
469,Norah,Shute,nshuted0@gizmodo.com,Maybach,57S,2005,429730.83
470,Katerina,Stuchberry,kstuchberryd1@fda.gov,Buick,Verano,2012,157418.87
471,Nikolaos,Weall,nwealld2@house.gov,Honda,Accord,1991,735394.75
472,Christy,McMurray,cmcmurrayd3@aol.com,Jaguar,S-Type,2006,769194.6
473,Angel,Priddy,apriddyd4@a8.net,BMW,Z4,2010,340028.8
474,Yard,Aiston,yaistond5@studiopress.com,Toyota,Solara,2003,671714.62
475,Egor,Etridge,eetridged6@smh.com.au,Kia,Optima,2001,124413.58
476,Kelli,Hirth,khirthd7@vinaora.com,Subaru,Forester,2005,873586.89
477,Kellen,Berns,kbernsd8@tripod.com,Lincoln,MKX,2010,391844.11
478,Rutter,Livings,rlivingsd9@tumblr.com,Chevrolet,Express 3500,2012,93274.4
479,Mario,Dielhenn,mdielhennda@google.co.jp,Pontiac,Bonneville,1993,318668.82
480,Hamid,Yearns,hyearnsdb@xinhuanet.com,Audi,A6,2003,987989.69
481,Gilberta,Seligson,gseligsondc@people.com.cn,Ford,F-Series Super Duty,2011,745681.19
482,Katheryn,Fadden,kfaddendd@1und1.de,Subaru,Forester,2008,161670.8
483,Koren,Haccleton,khaccletonde@themeforest.net,Land Rover,Range Rover Sport,2011,596012.05
484,Bethina,Crowne,bcrownedf@china.com.cn,Pontiac,Bonneville,1986,771240.21
485,Xymenes,Libri,xlibridg@merriam-webster.com,Dodge,Magnum,2008,646894.54
486,Giusto,Liccardi,gliccardidh@trellian.com,Pontiac,Firebird,1993,421585.73
487,Fernanda,Radborne,fradbornedi@google.co.uk,Chevrolet,Express 1500,2009,57739.81
488,Willamina,Grovier,wgrovierdj@google.com,Mercury,Cougar,1984,331779.68
489,Cecile,Juzek,cjuzekdk@blogs.com,Acura,NSX,1994,461245.79
490,Bertine,Benditt,bbendittdl@google.ru,Chevrolet,Classic,2005,472536.41
491,Krishna,Menlow,kmenlowdm@canalblog.com,Jaguar,XJ,2009,814492.68
492,Dorolice,Towne,dtownedn@ucla.edu,Chevrolet,Silverado 2500,1999,721710.94
493,Chiquita,Roselli,crosellido@vistaprint.com,Hyundai,Sonata,1994,763863.6
494,Tiphanie,Varndall,tvarndalldp@va.gov,Nissan,Quest,1995,70645.43
495,Idalia,Oehm,ioehmdq@ox.ac.uk,Dodge,Dynasty,1993,940304.84
496,Gianna,Megson,gmegsondr@npr.org,Jeep,Cherokee,2001,859227.93
497,Dyann,Ambroziak,dambroziakds@dell.com,Acura,CL,2001,168933.48
498,Paulie,Barrasse,pbarrassedt@blogtalkradio.com,Volkswagen,Eurovan,2003,535232.01
499,Archaimbaud,Fazakerley,afazakerleydu@mac.com,Porsche,Boxster,1999,517445.21
500,Fleur,Huckfield,fhuckfielddv@bing.com,Mercedes-Benz,S-Class,2007,217679.91
501,Dougy,Kittless,dkittlessdw@examiner.com,Chevrolet,Silverado 3500HD,2006,893198.35
502,Aurel,Normant,anormantdx@jiathis.com,Nissan,Frontier,2010,858901.41
503,Felicdad,Dalling,fdallingdy@webs.com,Chrysler,300M,2003,13750.56
504,Fredek,Roofe,froofedz@unicef.org,Chevrolet,Corvette,1959,79478.4
505,Kaila,Lotwich,klotwiche0@noaa.gov,Chevrolet,Monza,1975,388664.68
506,Lombard,Fridd,lfridde1@sciencedirect.com,Chrysler,Sebring,1996,111445.07
507,Al,Goodfellow,agoodfellowe2@chicagotribune.com,Saturn,Ion,2005,412018.54
508,Tandi,Date,tdatee3@amazon.com,Acura,SLX,1999,493764.56
509,Matias,Corbould,mcorboulde4@timesonline.co.uk,Kia,Forte,2010,144733.8
510,Griffith,Sheavills,gsheavillse5@rambler.ru,Hyundai,Sonata,1992,678676.16
511,Jeanie,Hamfleet,jhamfleete6@wufoo.com,Nissan,Altima,2005,856228.29
512,Amargo,Plaister,aplaistere7@guardian.co.uk,Cadillac,Escalade,2009,35456.48
513,Gaylor,Havelin,ghaveline8@skype.com,Dodge,Durango,2006,565466.02
514,Hermine,Stilgoe,hstilgoee9@elegantthemes.com,Eagle,Talon,1991,984268.27
515,Rhiamon,Milhench,rmilhenchea@wikia.com,Chrysler,LHS,1995,701219.2
516,Trina,Lindhe,tlindheeb@kickstarter.com,Kia,Sedona,2005,477142.84
517,Ninette,Sonnenschein,nsonnenscheinec@va.gov,Ford,Taurus,2008,311480.52
518,Tarrance,Millions,tmillionsed@shutterfly.com,Nissan,Murano,2003,392400.02
519,Geraldine,Raphael,graphaelee@time.com,Lexus,GS,1994,874507.72
520,Elka,Yerby,eyerbyef@ameblo.jp,Infiniti,G,2010,316906.38
521,Rodrigo,Estoile,restoileeg@ucla.edu,Toyota,Highlander,2009,512325.98
522,Xerxes,Rubinfeld,xrubinfeldeh@usgs.gov,Saab,9-3,2004,685368.82
523,Jarred,Croisdall,jcroisdallei@about.me,Ford,Windstar,2003,621572.77
524,Mack,Crichmer,mcrichmerej@shutterfly.com,Plymouth,Neon,1995,761050.92
525,Maryanna,Gard,mgardek@bbc.co.uk,Audi,A4,2007,690738.0
526,Jasen,Kitchen,jkitchenel@photobucket.com,Volkswagen,Phaeton,2004,403264.6
527,Faun,Broadbent,fbroadbentem@gmpg.org,Ford,E150,2011,244357.51
528,Tynan,Spore,tsporeen@51.la,Volkswagen,GTI,2006,391364.25
529,Antony,Blazejewski,ablazejewskieo@oakley.com,Chevrolet,Cobalt,2005,839017.39
530,Esmaria,Muir,emuirep@drupal.org,GMC,Envoy XL,2002,714408.7
531,Bail,Youngs,byoungseq@aol.com,Volvo,XC90,2013,907722.5
532,Zitella,Gascoyen,zgascoyener@statcounter.com,BMW,6 Series,2004,447497.82
533,Griswold,Kingsman,gkingsmanes@virginia.edu,Ford,F250,2004,320889.85
534,Gregorius,Creedland,gcreedlandet@free.fr,Toyota,Tundra,2006,846048.14
535,Arthur,Sahnow,asahnoweu@sbwire.com,Chevrolet,G-Series 3500,1998,903758.02
536,Maison,Phipps,mphippsev@nbcnews.com,Ford,Fusion,2010,761069.93
537,Lemmy,Zemler,lzemlerew@sogou.com,GMC,2500 Club Coupe,1992,772739.43
538,Sherie,Georgievski,sgeorgievskiex@globo.com,Lexus,LX,2013,273680.4
539,Lorelei,Baynard,lbaynardey@home.pl,Ford,Mustang,1992,922085.88
540,Alma,Belden,abeldenez@ameblo.jp,Subaru,Forester,2008,104519.08
541,Roxanne,Torres,rtorresf0@economist.com,Scion,xD,2009,214546.64
542,Jerri,Brake,jbrakef1@cbslocal.com,Mitsubishi,Eclipse,2000,114299.84
543,Austin,Look,alookf2@patch.com,Toyota,MR2,2003,625281.19
544,Eleanora,Wanless,ewanlessf3@skype.com,Volvo,XC90,2012,390142.97
545,Lisabeth,Chippindale,lchippindalef4@house.gov,Kia,Rio,2005,572011.33
546,Janey,Stratley,jstratleyf5@google.fr,Mercury,Grand Marquis,2011,871179.52
547,Josefina,Wagstaff,jwagstafff6@prnewswire.com,Honda,Insight,2003,301702.3
548,Felike,Tunstall,ftunstallf7@storify.com,Audi,S4,2008,38868.67
549,Corrine,Crystal,ccrystalf8@ca.gov,Jaguar,XJ Series,2000,743560.69
550,Korie,Champe,kchampef9@wired.com,Ford,F150,2003,999263.81
551,Clementine,Zanioletti,czaniolettifa@ocn.ne.jp,Chrysler,Concorde,2000,135376.97
552,Charyl,Rolles,crollesfb@squidoo.com,Hyundai,Tucson,2010,369334.85
553,Rock,Bourdon,rbourdonfc@digg.com,Honda,Civic,1988,886194.17
554,Zaneta,Ikins,zikinsfd@surveymonkey.com,Bentley,Continental Flying Spur,2006,719123.73
555,Rosmunda,Haggath,rhaggathfe@de.vu,Lexus,LS,2003,601318.55
556,Adelice,Wadley,awadleyff@huffingtonpost.com,BMW,M6,2008,814548.28
557,Ajay,Newe,anewefg@fema.gov,Ford,Focus,2002,514130.21
558,Myrwyn,Eborall,meborallfh@merriam-webster.com,Pontiac,Grand Prix,1983,332975.95
559,Legra,Mitchiner,lmitchinerfi@de.vu,Mercedes-Benz,W201,1991,845504.41
560,Antonie,Ewington,aewingtonfj@ehow.com,Volkswagen,Golf,1994,74390.84
561,Nichol,Hakeworth,nhakeworthfk@comcast.net,Volvo,V70,2010,546414.37
562,Lissy,Melmoth,lmelmothfl@list-manage.com,Volkswagen,Jetta III,1993,491487.21
563,Skippy,Hirche,shirchefm@umn.edu,Oldsmobile,Achieva,1997,622413.96
564,Junie,Davison,jdavisonfn@google.ru,Toyota,Echo,2003,220449.28
565,La verne,Burleigh,lburleighfo@home.pl,Ford,F350,2012,401537.87
566,Nadia,Litt,nlittfp@qq.com,BMW,X5,2002,335748.67
567,Lyn,Birtonshaw,lbirtonshawfq@imageshack.us,Chevrolet,Monte Carlo,2006,798256.94
568,Gerty,Corballis,gcorballisfr@marriott.com,Volkswagen,Cabriolet,1992,258724.93
569,Redford,Ege,regefs@purevolume.com,Mercury,Mountaineer,2000,259316.78
570,Christoforo,Stickney,cstickneyft@wp.com,Scion,xA,2005,334112.88
571,Aurie,Klicher,aklicherfu@a8.net,Lincoln,Continental,2001,637881.06
572,Malissia,Dainton,mdaintonfv@jiathis.com,Toyota,Solara,2004,983962.69
573,Elianore,Pinsent,epinsentfw@google.it,Dodge,Ram 3500,1994,587400.87
574,Aggy,Milhench,amilhenchfx@bandcamp.com,Jaguar,XJ,2006,676319.96
575,Zia,Wickstead,zwicksteadfy@newyorker.com,Ford,Thunderbird,1955,958853.02
576,Micki,Ackers,mackersfz@networksolutions.com,Kia,Borrego,2009,247132.12
577,Vera,Fishly,vfishlyg0@chron.com,Mercury,Mystique,2000,695677.14
578,Krissie,Farrey,kfarreyg1@census.gov,Nissan,Armada,2010,437355.33
579,Donall,Yepiskov,dyepiskovg2@tumblr.com,Isuzu,Rodeo Sport,2001,255618.32
580,Sondra,Raistrick,sraistrickg3@washingtonpost.com,BMW,5 Series,2009,979914.24
581,Ingmar,Colenutt,icolenuttg4@fastcompany.com,Kia,Rio,2011,642821.82
582,Karlen,Gilliver,kgilliverg5@hao123.com,Dodge,Nitro,2007,685952.61
583,Lilian,Heinecke,lheineckeg6@nydailynews.com,Mercury,Monterey,2004,770215.52
584,Karola,McParland,kmcparlandg7@qq.com,Toyota,RAV4,2003,711844.02
585,Peter,Dunlop,pdunlopg8@aol.com,Ram,3500,2011,594757.09
586,Caddric,Toping,ctopingg9@bizjournals.com,Mitsubishi,Pajero,1991,742057.43
587,Travus,Haverty,thavertyga@prnewswire.com,Mercury,Cougar,2002,897967.34
588,Raven,Counsell,rcounsellgb@aol.com,Toyota,4Runner,2008,481647.78
589,Shurwood,Dorkens,sdorkensgc@posterous.com,Dodge,Ram 1500,1998,700905.06
590,Conney,Rupert,crupertgd@craigslist.org,Nissan,Maxima,2012,130184.2
591,Irma,Wogden,iwogdenge@usa.gov,Dodge,Stealth,1995,843874.44
592,Marietta,Esh,meshgf@miibeian.gov.cn,Pontiac,Trans Sport,1994,521984.35
593,Elenore,Scandrite,escandritegg@nyu.edu,Geo,Metro,1995,840204.93
594,Wald,Glanton,wglantongh@shop-pro.jp,Toyota,T100,1994,471682.51
595,Hedwiga,Rotter,hrottergi@nps.gov,Ram,3500,2012,985047.56
596,Essie,Ferson,efersongj@cyberchimps.com,Dodge,Dakota,1995,675589.13
597,Harlene,Ackred,hackredgk@state.tx.us,Subaru,Outback,2006,726511.91
598,Courtney,Shannon,cshannongl@gmpg.org,Volvo,C70,2004,780968.94
599,Chase,Lory,clorygm@ucoz.ru,Mitsubishi,i-MiEV,2012,439714.94
600,Connor,Statersfield,cstatersfieldgn@360.cn,Ford,Taurus,2005,193280.47
601,Camel,Vasnev,cvasnevgo@goo.gl,BMW,545,2005,146267.58
602,Casi,Kenwyn,ckenwyngp@123-reg.co.uk,Ford,Laser,1988,427876.26
603,Miguel,Mateu,mmateugq@tmall.com,GMC,Suburban 1500,1994,725843.16
604,Gianna,Ammer,gammergr@cloudflare.com,Volvo,S60,2007,724230.16
605,Isiahi,Lyal,ilyalgs@cyberchimps.com,Acura,TSX,2005,546209.47
606,Ganny,Feronet,gferonetgt@symantec.com,GMC,Vandura G3500,1996,902515.53
607,Valry,Tanswill,vtanswillgu@devhub.com,Mitsubishi,Galant,1985,232252.71
608,Brnaba,Strange,bstrangegv@loc.gov,Ford,Escape,2000,648941.55
609,Dunc,Amery,damerygw@cbsnews.com,Mercedes-Benz,E-Class,2007,66112.85
610,Nowell,Mineghelli,nmineghelligx@ibm.com,Lexus,SC,2003,385647.61
611,Lissie,Edmett,ledmettgy@gmpg.org,Honda,CR-Z,2012,302085.37
612,Jeffry,Joiris,jjoirisgz@slashdot.org,Chevrolet,Prizm,2002,95800.78
613,Kristo,O'Donnelly,kodonnellyh0@sitemeter.com,Chevrolet,1500,1993,76023.74
614,Iggie,Oubridge,ioubridgeh1@wordpress.org,Land Rover,Discovery,2006,16395.4
615,Jeanette,Sarver,jsarverh2@wikimedia.org,Lotus,Elan,1993,68565.03
616,Ramona,Ghiron,rghironh3@meetup.com,GMC,3500,1996,730627.88
617,Tania,Gobert,tgoberth4@xrea.com,Lincoln,MKS,2010,772552.09
618,Phillida,Bridgeman,pbridgemanh5@patch.com,Volkswagen,Touareg,2003,308732.04
619,Even,Lamba,elambah6@prweb.com,GMC,Safari,2004,665712.15
620,Sandro,Worral,sworralh7@t-online.de,Mazda,626,1998,225739.78
621,Kalie,Lammerich,klammerichh8@livejournal.com,Chevrolet,Silverado,2010,920748.66
622,Noah,Mousdall,nmousdallh9@t.co,Mazda,929,1994,900146.94
623,Dell,Fairlaw,dfairlawha@ft.com,Mazda,MX-5,1994,769890.17
624,Marlene,Lovart,mlovarthb@google.es,Land Rover,Range Rover Classic,1993,332502.62
625,Kiah,Lerway,klerwayhc@reuters.com,Volkswagen,Fox,1992,257001.76
626,Maureene,Pinxton,mpinxtonhd@51.la,Dodge,Ram 3500,2005,449543.15
627,Mohandas,Skey,mskeyhe@tamu.edu,Daewoo,Nubira,1999,297761.57
628,Roxine,Verbruggen,rverbruggenhf@redcross.org,Jeep,Cherokee,1993,149799.67
629,Lynnelle,Stanlake,lstanlakehg@unicef.org,Porsche,Cayenne,2006,448243.5
630,Lenora,Extance,lextancehh@harvard.edu,Mitsubishi,Mighty Max,1986,549266.76
631,Dagmar,Oliveti,dolivetihi@amazon.de,Nissan,Murano,2009,853077.16
632,Jasmina,Bryns,jbrynshj@admin.ch,BMW,X5,2008,470338.66
633,Lyndsay,Kayne,lkaynehk@bluehost.com,Lexus,GS,2013,339852.56
634,Nelia,Millyard,nmillyardhl@ifeng.com,Mercedes-Benz,S-Class,1985,803354.54
635,Jodie,Chitson,jchitsonhm@about.me,Mercedes-Benz,S-Class,2003,839980.9
636,Adel,Backman,abackmanhn@ibm.com,GMC,Rally Wagon 2500,1993,252914.41
637,Cristabel,Waggitt,cwaggittho@twitter.com,Toyota,Matrix,2011,583763.01
638,Daune,O'Dee,dodeehp@ucoz.ru,Mitsubishi,Pajero,2004,90794.6
639,Sheilakathryn,Phillipps,sphillippshq@deliciousdays.com,Ford,E150,2012,412844.17
640,Gwenora,Dicky,gdickyhr@fc2.com,Ford,F350,2000,26125.49
641,Barbette,Caulcott,bcaulcotths@typepad.com,Lexus,ES,2008,636444.97
642,Krystyna,Desbrow,kdesbrowht@issuu.com,Lincoln,Navigator L,2009,427482.92
643,Charis,Cathee,ccatheehu@nasa.gov,CitroÃ«n,SM,1972,585688.39
644,Rance,Messager,rmessagerhv@flickr.com,Chevrolet,1500,1999,721981.89
645,Sloane,Welbeck,swelbeckhw@sbwire.com,Chevrolet,Express 3500,2009,694228.36
646,Fania,Fielden,ffieldenhx@de.vu,Toyota,TundraMax,2009,757372.41
647,Layton,Astman,lastmanhy@sphinn.com,Pontiac,6000,1990,582240.9
648,Buck,Spreag,bspreaghz@php.net,Mercedes-Benz,M-Class,2006,911290.27
649,Marlane,Osmint,mosminti0@indiegogo.com,Pontiac,Grand Am,1986,564403.35
650,Kristel,Tremonte,ktremontei1@tumblr.com,Subaru,Legacy,2007,356084.52
651,Skyler,Tregonna,stregonnai2@ow.ly,Ford,Thunderbird,1993,925389.98
652,Aharon,Gillise,agillisei3@sphinn.com,Pontiac,Grand Prix,2005,886153.3
653,Anatollo,Windham,awindhami4@sina.com.cn,Toyota,Celica,1976,125391.93
654,Dulcinea,Linnard,dlinnardi5@mysql.com,Mitsubishi,GTO,1994,864903.49
655,Helyn,Johnsee,hjohnseei6@miibeian.gov.cn,Toyota,Previa,1997,240161.97
656,Bill,Domanek,bdomaneki7@exblog.jp,Lexus,SC,2004,133008.72
657,Falito,Carncross,fcarncrossi8@ezinearticles.com,Subaru,Tribeca,2010,111516.74
658,Tomlin,MacRinn,tmacrinni9@tripadvisor.com,Land Rover,Range Rover Sport,2007,819277.84
659,Elspeth,Abade,eabadeia@ovh.net,Chevrolet,3500,1995,464966.13
660,Jillane,Rennebach,jrennebachib@theguardian.com,Lincoln,LS,2000,673896.37
661,Viva,Dossetter,vdossetteric@smh.com.au,Honda,Civic,1998,542113.18
662,Adda,Grigoryov,agrigoryovid@hubpages.com,Volkswagen,GTI,2012,829408.94
663,Dev,Vagges,dvaggesie@dyndns.org,Buick,Regal,1991,460980.37
664,Gherardo,Guidera,gguideraif@businessweek.com,Lamborghini,Countach,1987,733114.68
665,Cordy,Marsie,cmarsieig@prweb.com,Maserati,GranSport,2005,105922.88
666,Noemi,Kordes,nkordesih@boston.com,GMC,Sierra 3500,2008,282823.08
667,Cami,Clarage,cclarageii@wufoo.com,Mercedes-Benz,SLR McLaren,2005,412216.04
668,Linnie,Walesby,lwalesbyij@statcounter.com,Honda,Ridgeline,2007,498137.62
669,Moore,Goodbarne,mgoodbarneik@aol.com,Chevrolet,Corvette,1956,825234.41
670,Brennan,Bromell,bbromellil@nsw.gov.au,Subaru,Legacy,1994,83193.73
671,Chalmers,Screas,cscreasim@who.int,GMC,Savana 2500,2005,316448.37
672,Allyn,Hurton,ahurtonin@ebay.co.uk,Lamborghini,Gallardo,2010,383223.32
673,Oliy,Mangam,omangamio@sun.com,Ford,Taurus X,2009,146281.81
674,Emmet,Kirkland,ekirklandip@virginia.edu,Alfa Romeo,Spider,1992,609107.63
675,Silvana,Foyston,sfoystoniq@msn.com,Ford,F-Series,1994,557285.77
676,Patsy,Garner,pgarnerir@goo.gl,Subaru,Leone,1986,445187.73
677,Corrinne,Cohane,ccohaneis@amazon.com,Chevrolet,Express 2500,1996,265200.56
678,Ronica,Casper,rcasperit@elegantthemes.com,Pontiac,Montana,2006,504844.01
679,Jaquelyn,Dumbar,jdumbariu@jigsy.com,Toyota,Prius,2005,752204.0
680,Barby,Feldmark,bfeldmarkiv@t.co,Mercury,Grand Marquis,2003,428716.2
681,Ezequiel,Goodwin,egoodwiniw@unc.edu,Rolls-Royce,Phantom,2009,311451.43
682,Arv,Bliven,ablivenix@smh.com.au,Kia,Sportage,2002,978773.38
683,Diandra,Fissenden,dfissendeniy@creativecommons.org,BMW,Z4 M Roadster,2009,767753.96
684,Maxi,Altoft,maltoftiz@yandex.ru,Chevrolet,TrailBlazer,2005,495644.6
685,Ozzie,Broomhall,obroomhallj0@sitemeter.com,Dodge,Grand Caravan,2006,876923.71
686,Reinaldos,Filyukov,rfilyukovj1@uiuc.edu,Acura,RL,2002,890219.06
687,Grissel,Rymmer,grymmerj2@icq.com,Volkswagen,Jetta,1991,993868.1
688,Thomasine,Oxer,toxerj3@economist.com,Ford,F350,2005,440727.71
689,Jennifer,Ollier,jollierj4@shop-pro.jp,Maserati,Coupe,2005,954324.79
690,Herb,Ledward,hledwardj5@twitpic.com,Mitsubishi,Eclipse,2012,484640.43
691,Maribelle,Marder,mmarderj6@europa.eu,Saab,900,1991,971777.82
692,Madalyn,McQuie,mmcquiej7@tinyurl.com,Mitsubishi,Pajero,2001,655997.75
693,Ernst,Rounds,eroundsj8@ftc.gov,BMW,6 Series,2012,913954.99
694,Ame,Aspden,aaspdenj9@example.com,Mazda,MX-3,1995,546470.87
695,Ralph,Chrispin,rchrispinja@hhs.gov,Honda,Fit,2012,725336.53
696,Adams,Rabjohns,arabjohnsjb@craigslist.org,Toyota,Tacoma Xtra,1995,636686.07
697,Johnny,Krinks,jkrinksjc@de.vu,Mercedes-Benz,S-Class,1994,17275.92
698,Leandra,Rolls,lrollsjd@mlb.com,Volvo,V50,2007,47331.11
699,Talyah,Hards,thardsje@mapy.cz,Nissan,Pathfinder,2012,97115.41
700,Cathie,D'Agostini,cdagostinijf@people.com.cn,Porsche,911,1994,630920.74
701,Pietra,Mellenby,pmellenbyjg@reuters.com,Buick,LeSabre,1995,810492.49
702,Maible,Comolli,mcomollijh@dagondesign.com,Mercedes-Benz,M-Class,2006,310525.58
703,Engelbert,Szymanowski,eszymanowskiji@t.co,Kia,Sedona,2002,354613.87
704,Giavani,Peek,gpeekjj@apple.com,GMC,Vandura G3500,1995,391774.22
705,Art,Coveny,acovenyjk@wsj.com,Honda,Accord,1997,700520.74
706,Guthry,Chetter,gchetterjl@123-reg.co.uk,Chevrolet,Camaro,1970,191614.57
707,Guss,Barbosa,gbarbosajm@4shared.com,Pontiac,Gemini,1988,374749.98
708,Modesty,Wildgoose,mwildgoosejn@merriam-webster.com,Bentley,Continental,2011,808997.91
709,Elysee,MacGeaney,emacgeaneyjo@topsy.com,Suzuki,Aerio,2002,715237.63
710,Lissy,de Banke,ldebankejp@sphinn.com,Toyota,Solara,1999,664593.39
711,Kimble,Cassey,kcasseyjq@cyberchimps.com,Toyota,Avalon,2010,223065.28
712,Winston,Laurentin,wlaurentinjr@aboutads.info,Isuzu,Ascender,2005,831183.45
713,Christye,Tabner,ctabnerjs@virginia.edu,Land Rover,Range Rover Sport,2009,636427.38
714,Dominique,Hinners,dhinnersjt@epa.gov,GMC,Vandura G2500,1995,951014.54
715,Osmond,Asplen,oasplenju@yolasite.com,Chevrolet,Impala,1994,633500.25
716,Darrin,Vassall,dvassalljv@zimbio.com,Ford,Explorer,1996,967372.92
717,Brunhilde,Bugler,bbuglerjw@macromedia.com,Isuzu,Oasis,1999,404135.41
718,Mil,Hakking,mhakkingjx@diigo.com,Chevrolet,G-Series 2500,1998,584662.41
719,Monroe,Buxy,mbuxyjy@blogger.com,Porsche,Panamera,2010,619018.9
720,Georgine,Donahue,gdonahuejz@youtube.com,Ford,Contour,1997,763382.64
721,Ruthanne,Demare,rdemarek0@disqus.com,Peugeot,207,2007,421650.04
722,Kristi,Smallwood,ksmallwoodk1@furl.net,Ford,Mustang,2007,218153.19
723,Erwin,Fike,efikek2@com.com,Chevrolet,Camaro,2000,764480.4
724,Rafaellle,Toffler,rtofflerk3@fastcompany.com,Acura,TL,1996,551842.55
725,Etty,Boreland,eborelandk4@aboutads.info,Dodge,Ram 3500,1998,70346.52
726,Alfons,Mitrovic,amitrovick5@stumbleupon.com,Pontiac,6000,1988,995711.65
727,Wallis,Benet,wbenetk6@eepurl.com,Mitsubishi,Pajero,1987,613967.43
728,Geno,Gonin,ggonink7@themeforest.net,Lexus,LS,2000,442627.72
729,Suzette,Keijser,skeijserk8@feedburner.com,Jeep,Cherokee,2000,778599.34
730,Angus,Gauthorpp,agauthorppk9@twitter.com,Lotus,Esprit,1993,666479.53
731,Sayre,Mosedill,smosedillka@odnoklassniki.ru,Hummer,H1,1994,650336.63
732,Annmarie,Carrane,acarranekb@hc360.com,Chevrolet,Monte Carlo,2006,143349.17
733,Addison,Akitt,aakittkc@typepad.com,Chevrolet,Suburban 1500,1995,400491.6
734,Bryant,Garr,bgarrkd@telegraph.co.uk,Plymouth,Reliant,1981,625667.67
735,Marcile,Calder,mcalderke@census.gov,Porsche,Cayenne,2008,816508.3
736,Irvin,De Beneditti,idebenedittikf@360.cn,Chevrolet,Malibu,2010,731980.7
737,Will,Columbell,wcolumbellkg@indiegogo.com,Audi,A8,2009,759230.28
738,Koralle,Attac,kattackh@feedburner.com,Dodge,Viper,2009,758071.67
739,Alain,Arnaldo,aarnaldoki@europa.eu,Chrysler,Concorde,2004,889676.97
740,Care,Chatainier,cchatainierkj@barnesandnoble.com,Honda,Odyssey,1998,926849.64
741,Cecily,Flaonier,cflaonierkk@nps.gov,GMC,1500,1994,227411.08
742,Suzette,Rosi,srosikl@4shared.com,Ford,Explorer,2003,615996.64
743,Claire,MacNamee,cmacnameekm@pagesperso-orange.fr,GMC,Yukon,2005,819789.33
744,Wilbur,Wavell,wwavellkn@phoca.cz,BMW,Z4 M,2008,841027.37
745,Pen,Couchman,pcouchmanko@ustream.tv,Toyota,Avalon,2005,149087.08
746,Zebulon,Heintzsch,zheintzschkp@gizmodo.com,Dodge,Avenger,2010,82501.11
747,Zsa zsa,Loughman,zloughmankq@sourceforge.net,Oldsmobile,Cutlass Supreme,1993,371518.87
748,Nickolas,Agg,naggkr@blog.com,Toyota,Camry,2012,190319.57
749,Granny,Harder,gharderks@fastcompany.com,Ford,Econoline E250,1992,159971.64
750,Katherina,Allsebrook,kallsebrookkt@paypal.com,Mercedes-Benz,E-Class,2004,348951.11
751,Jan,Quixley,jquixleyku@facebook.com,Nissan,Altima,2009,924651.35
752,Adan,Fiddiman,afiddimankv@spotify.com,Mitsubishi,Eclipse,1999,792692.1
753,Lonee,Lancaster,llancasterkw@foxnews.com,Ford,Fiesta,2001,833975.92
754,Wesley,Outlaw,woutlawkx@imageshack.us,Mazda,626,1989,655147.25
755,Ginger,Emblen,gemblenky@deviantart.com,Mitsubishi,Outlander,2011,122908.44
756,Windham,Flett,wflettkz@bbc.co.uk,Plymouth,Laser,1993,728423.58
757,Octavius,Simmill,osimmilll0@google.es,Lamborghini,MurciÃ©lago,2005,49731.46
758,Clevie,Blesing,cblesingl1@scribd.com,Infiniti,QX56,2008,551280.5
759,Jan,Heimes,jheimesl2@flavors.me,BMW,760,2004,653312.29
760,Phil,Geertsen,pgeertsenl3@shinystat.com,Morgan,Aero 8,2008,105429.82
761,Erskine,Prettyjohns,eprettyjohnsl4@list-manage.com,Suzuki,Swift,2006,375093.96
762,Luciano,Jasik,ljasikl5@technorati.com,Toyota,4Runner,1998,186835.46
763,Holly,Everal,heverall6@apple.com,Ford,Fiesta,2011,937809.5
764,Netty,Lago,nlagol7@chronoengine.com,Audi,S4,2008,445950.65
765,Jocelyn,Madgwich,jmadgwichl8@nydailynews.com,Ford,Laser,1985,524206.82
766,Ginni,Keilty,gkeiltyl9@guardian.co.uk,Rolls-Royce,Ghost,2012,878034.9
767,Jobina,McGillivrie,jmcgillivriela@infoseek.co.jp,Audi,TT,2008,712806.35
768,Esther,Tomczykiewicz,etomczykiewiczlb@slate.com,Audi,S4,2013,788064.9
769,Marga,Jiggen,mjiggenlc@flavors.me,Oldsmobile,Bravada,1996,899630.34
770,Tristam,Gillis,tgillisld@alexa.com,Ford,Excursion,2003,779915.23
771,Gamaliel,Erskine Sandys,gerskinesandysle@mysql.com,Plymouth,Prowler,1997,297979.32
772,Chase,Diplock,cdiplocklf@nhs.uk,Chevrolet,Impala,2002,371199.72
773,Vernice,Rao,vraolg@umn.edu,Hyundai,Santa Fe,2003,296297.01
774,Heriberto,Thornewell,hthornewelllh@archive.org,Suzuki,XL-7,2008,531553.5
775,Nertie,Batterson,nbattersonli@soundcloud.com,Honda,Civic,2010,921777.99
776,Paulita,Imore,pimorelj@answers.com,BMW,X5,2011,568574.76
777,Tan,Mulderrig,tmulderriglk@diigo.com,Plymouth,Grand Voyager,1993,370224.11
778,Morissa,Labern,mlabernll@hatena.ne.jp,Nissan,Quest,2012,617244.2
779,Claiborne,Carnilian,ccarnilianlm@upenn.edu,Mitsubishi,Challenger,2001,739942.92
780,Harald,Hallybone,hhallyboneln@pcworld.com,Hyundai,Sonata,1996,446310.95
781,Chantal,Turneaux,cturneauxlo@google.de,Audi,A3,2008,386389.34
782,Jone,Tratton,jtrattonlp@japanpost.jp,Pontiac,Grand Prix,1992,20932.05
783,Rosaleen,Trowel,rtrowellq@amazon.co.uk,Toyota,RAV4,2000,496288.44
784,Alwin,Bucklee,abuckleelr@redcross.org,Ford,Expedition,2003,797408.75
785,Ozzie,Oulner,ooulnerls@dot.gov,Honda,Odyssey,2002,208170.48
786,Elyn,Moriarty,emoriartylt@google.co.jp,Hyundai,Genesis,2011,565443.94
787,Britney,Rylands,brylandslu@forbes.com,Mercedes-Benz,W201,1987,808215.04
788,Dorita,Ofield,dofieldlv@shutterfly.com,Toyota,Matrix,2008,39358.41
789,Curtice,Endicott,cendicottlw@alibaba.com,Toyota,Sienna,2008,722816.68
790,Conroy,Burnep,cburneplx@accuweather.com,Audi,S5,2009,73668.52
791,Ardys,Nix,anixly@timesonline.co.uk,Audi,4000s,1986,28636.83
792,Coraline,Knee,ckneelz@go.com,Honda,Ridgeline,2012,514456.41
793,Dale,Taig,dtaigm0@discovery.com,Ford,E350,2011,893363.72
794,Brenna,Blackaller,bblackallerm1@123-reg.co.uk,Ford,F-Series,1995,454761.07
795,Reube,Mariotte,rmariottem2@dedecms.com,Ford,Econoline E350,2001,954908.57
796,Shanta,Doudney,sdoudneym3@washington.edu,Honda,CR-V,2012,52985.68
797,Newton,Kitchaside,nkitchasidem4@scientificamerican.com,Jaguar,X-Type,2004,59641.11
798,Seth,Ladell,sladellm5@webmd.com,Chevrolet,Beretta,1994,824599.13
799,Onofredo,Mews,omewsm6@phoca.cz,Mazda,B-Series Plus,2003,677553.04
800,Kenn,Rehm,krehmm7@last.fm,Volkswagen,Routan,2010,530457.54
801,Shanan,Aish,saishm8@vk.com,Maserati,430,1991,380539.02
802,Karlotta,Aaron,kaaronm9@va.gov,Ford,Thunderbird,1985,96078.71
803,Beniamino,Andreone,bandreonema@opensource.org,Hyundai,Sonata,1998,119199.15
804,Cassandre,Minet,cminetmb@geocities.com,GMC,Sierra 2500,2011,929402.8
805,Byram,Salleir,bsalleirmc@privacy.gov.au,Pontiac,Grand Prix,1976,221134.15
806,Barry,Leece,bleecemd@phpbb.com,Lincoln,Navigator,2006,412253.86
807,Mikol,English,menglishme@ihg.com,BMW,7 Series,2008,484476.26
808,Eldin,Nordass,enordassmf@ocn.ne.jp,Lamborghini,MurciÃ©lago,2004,223032.39
809,Doro,Pammenter,dpammentermg@statcounter.com,Ford,Explorer,2010,658498.25
810,Xenia,Balassa,xbalassamh@photobucket.com,Geo,Storm,1993,428346.91
811,Avivah,O' Hanvey,aohanveymi@imgur.com,Lincoln,Town Car,1999,618848.67
812,Selig,Wolvey,swolveymj@trellian.com,Mercury,Grand Marquis,1996,623350.08
813,Sarita,Danes,sdanesmk@baidu.com,Acura,MDX,2001,119301.03
814,Ame,Albon,aalbonml@nationalgeographic.com,Isuzu,Hombre,1996,176447.97
815,Mellisa,Cicchinelli,mcicchinellimm@cdbaby.com,Acura,Integra,1993,917482.32
816,Kaylil,Gierek,kgierekmn@who.int,Isuzu,Oasis,1998,49926.63
817,Nathanael,Grimsdyke,ngrimsdykemo@squidoo.com,Porsche,911,2009,743534.22
818,Tanner,Brownell,tbrownellmp@disqus.com,Dodge,Dakota Club,2003,739198.49
819,Jerrilee,Fritchly,jfritchlymq@oaic.gov.au,Chevrolet,Cobalt SS,2008,367743.8
820,Devy,Beadham,dbeadhammr@nydailynews.com,Pontiac,Sunfire,1999,285537.68
821,Shelby,Aggiss,saggissms@guardian.co.uk,Nissan,Maxima,1994,967751.04
822,Tymothy,Cornbill,tcornbillmt@zimbio.com,Maybach,57,2009,915072.78
823,Tailor,Melan,tmelanmu@java.com,Subaru,Tribeca,2009,597978.9
824,Kimmie,Chatel,kchatelmv@addtoany.com,Chrysler,Sebring,2006,283195.32
825,Deirdre,Ellershaw,dellershawmw@51.la,Porsche,911,2006,898550.01
826,Ram,Ewbanck,rewbanckmx@tripod.com,MINI,Clubman,2010,91320.93
827,Karmen,Everitt,keverittmy@netlog.com,Cadillac,Seville,1999,169982.65
828,Gallagher,Ivanitsa,givanitsamz@1und1.de,MINI,Cooper Clubman,2010,244205.21
829,Cyndy,Polamontayne,cpolamontaynen0@arstechnica.com,Mercedes-Benz,SL-Class,2007,381495.41
830,Nataniel,Ower,nowern1@wix.com,Ford,F250,2004,602596.71
831,Darwin,Allcroft,dallcroftn2@wsj.com,Lexus,SC,1992,585625.27
832,Duffy,Feacham,dfeachamn3@paginegialle.it,Dodge,Grand Caravan,2005,162043.54
833,Clayton,Scholling,cschollingn4@topsy.com,Hyundai,Santa Fe,2002,729558.68
834,Felicle,Friman,ffrimann5@google.com.br,Ford,Taurus,1996,693113.84
835,Des,Menhci,dmenhcin6@intel.com,Lexus,RX,1999,241983.5
836,Sebastian,Sackes,ssackesn7@nih.gov,Mercury,Grand Marquis,2009,317131.75
837,Chariot,Bradshaw,cbradshawn8@cocolog-nifty.com,Land Rover,Discovery Series II,1999,722316.3
838,Constanta,Tome,ctomen9@icq.com,Mercedes-Benz,SL-Class,1987,341171.45
839,Cherilynn,Buller,cbullerna@java.com,Lamborghini,Gallardo,2003,93769.54
840,Johnath,Rany,jranynb@booking.com,Cadillac,Seville,2004,124635.14
841,Ardyce,Castiglio,acastiglionc@ovh.net,Porsche,Carrera GT,2005,344256.69
842,Sherline,Mathissen,smathissennd@qq.com,Buick,LeSabre,1995,406005.73
843,Gene,Rhys,grhysne@pbs.org,Mazda,Tribute,2003,475860.9
844,Saxon,Mose,smosenf@tamu.edu,Porsche,944,1988,691298.25
845,Brantley,Cardus,bcardusng@bing.com,Suzuki,Daewoo Magnus,2004,503411.06
846,Laurence,Avon,lavonnh@paypal.com,Jeep,Patriot,2010,214441.3
847,Lionel,Grigoire,lgrigoireni@independent.co.uk,Mitsubishi,RVR,1993,559336.68
848,Margaretta,Mabbe,mmabbenj@yolasite.com,BMW,X6,2009,283614.72
849,Gav,Wonham,gwonhamnk@opensource.org,Chrysler,Prowler,2001,981697.79
850,Gunar,Hertwell,ghertwellnl@miitbeian.gov.cn,Dodge,Grand Caravan,2004,113422.98
851,Maynard,Anthill,manthillnm@nbcnews.com,Mercedes-Benz,CLK-Class,2007,229838.91
852,Trefor,Vanner,tvannernn@wikipedia.org,Jaguar,X-Type,2008,844012.38
853,Augusta,Houndesome,ahoundesomeno@ycombinator.com,Suzuki,Equator,2010,842676.47
854,Herb,Jakoviljevic,hjakoviljevicnp@slashdot.org,Nissan,Datsun/Nissan Z-car,1990,273611.38
855,Corri,Maudling,cmaudlingnq@netlog.com,Mercedes-Benz,SLR McLaren,2007,519413.91
856,Mireielle,Caldayrou,mcaldayrounr@drupal.org,Pontiac,Firefly,1991,360999.83
857,Philly,Di Pietro,pdipietrons@wunderground.com,Mercedes-Benz,C-Class,1997,796861.86
858,Julieta,Bernardt,jbernardtnt@pagesperso-orange.fr,Ford,Escape,2011,243493.7
859,Jonie,Izon,jizonnu@state.tx.us,Kia,Sportage,1999,986373.1
860,Marlena,Vickars,mvickarsnv@ameblo.jp,Hyundai,Santa Fe,2002,112843.32
861,Fons,Boulder,fbouldernw@blogtalkradio.com,Chevrolet,G-Series 2500,1998,753323.05
862,Sayres,Yetman,syetmannx@cafepress.com,Toyota,Prius,2012,557514.87
863,Klemens,Stiggers,kstiggersny@geocities.com,Toyota,Prius,2006,661563.13
864,Irene,Cay,icaynz@aol.com,Toyota,RAV4,2002,224430.08
865,Whitney,Sleney,wsleneyo0@bing.com,Honda,Element,2004,589900.0
866,Kincaid,McKeurton,kmckeurtono1@google.de,Isuzu,Oasis,1997,809293.77
867,Simon,Arpino,sarpinoo2@smugmug.com,Bentley,Continental Flying Spur,2008,952418.64
868,Carlyle,Coomer,ccoomero3@meetup.com,Saab,900,1996,256588.55
869,Keslie,Artin,kartino4@timesonline.co.uk,Suzuki,Cultus,1985,236967.05
870,Justinn,Dowsey,jdowseyo5@elegantthemes.com,Ford,Torino,1970,795125.69
871,Parke,Connaughton,pconnaughtono6@cocolog-nifty.com,Porsche,911,2011,145006.64
872,Lucille,Arthars,lartharso7@exblog.jp,Ford,Escape,2000,583629.86
873,Giacobo,Aspinall,gaspinallo8@instagram.com,Chevrolet,Blazer,1993,120821.95
874,Annette,Prowse,aprowseo9@imgur.com,Lexus,RX Hybrid,2006,13786.35
875,Turner,Sumnall,tsumnalloa@sohu.com,Subaru,Outback,2012,704002.8
876,Marsha,Mulliner,mmullinerob@ucla.edu,Ford,Thunderbird,1983,571876.83
877,Calv,Sheer,csheeroc@pbs.org,Volkswagen,Passat,1994,176857.6
878,Aleen,Zorzenoni,azorzenoniod@independent.co.uk,Lincoln,Continental Mark VII,1992,163487.6
879,Culley,Molohan,cmolohanoe@tiny.cc,GMC,Savana 1500,2009,80831.23
880,Sammy,Hanbridge,shanbridgeof@economist.com,Chevrolet,Cavalier,1992,974711.13
881,Barb,Kenney,bkenneyog@google.com,Chevrolet,Sportvan G20,1993,44136.72
882,Rinaldo,Vandenhoff,rvandenhoffoh@networkadvertising.org,Porsche,928,1986,13171.87
883,Rebbecca,Feuell,rfeuelloi@merriam-webster.com,GMC,Jimmy,1997,685487.73
884,Ciel,Segges,cseggesoj@example.com,Buick,LeSabre,1992,582978.68
885,Tobias,Bordiss,tbordissok@nytimes.com,GMC,Yukon,1996,146943.92
886,Papageno,Masdon,pmasdonol@mac.com,Lincoln,Town Car,2009,648487.8
887,Erskine,Sweett,esweettom@marriott.com,GMC,1500 Club Coupe,1998,766339.84
888,August,Muffen,amuffenon@google.ru,Subaru,Impreza,2007,111830.82
889,Kincaid,Hunnicot,khunnicotoo@chicagotribune.com,Chevrolet,Camaro,1978,144993.29
890,Elmo,Fones,efonesop@hao123.com,Chrysler,300M,1999,783198.93
891,Brinn,Charity,bcharityoq@google.pl,Rolls-Royce,Phantom,2008,644906.83
892,Janel,Lonsbrough,jlonsbroughor@google.co.jp,Cadillac,Escalade EXT,2003,855473.88
893,Cele,Grinov,cgrinovos@prlog.org,GMC,Yukon XL 1500,2003,771732.41
894,Collie,McCosh,cmccoshot@list-manage.com,GMC,Yukon Denali,2000,245169.4
895,Lennie,Laying,llayingou@telegraph.co.uk,Toyota,4Runner,2007,48439.13
896,Nanni,Abramzon,nabramzonov@1688.com,Ford,Thunderbird,2004,248482.61
897,Siouxie,Assard,sassardow@topsy.com,Lexus,LS,1996,241363.21
898,Sheff,Cockroft,scockroftox@blinklist.com,Plymouth,Voyager,1992,269135.42
899,Britte,Timbrell,btimbrelloy@liveinternet.ru,Lexus,LX,2008,808921.57
900,Ezequiel,Woolmer,ewoolmeroz@so-net.ne.jp,Acura,MDX,2001,790227.15
901,Frankie,Gaskal,fgaskalp0@marketwatch.com,Nissan,Quest,1998,723770.41
902,Gretta,Brookbank,gbrookbankp1@ebay.co.uk,Plymouth,Neon,1996,908784.94
903,Alyce,Wimlett,awimlettp2@free.fr,Lexus,LS,1996,290033.3
904,Fey,McLellan,fmclellanp3@alexa.com,Mazda,MX-6,1991,453427.48
905,Camille,L'Hommee,clhommeep4@shutterfly.com,Chevrolet,S10 Blazer,1994,122081.38
906,Gerhardine,Annand,gannandp5@moonfruit.com,Chevrolet,Avalanche,2009,301734.2
907,Chaim,Takos,ctakosp6@php.net,Chrysler,Sebring,2007,229551.94
908,Alameda,Larter,alarterp7@illinois.edu,Dodge,Ram 1500,2000,747132.13
909,Elvina,Machel,emachelp8@taobao.com,Toyota,Land Cruiser,1994,997848.88
910,Duke,Turtle,dturtlep9@xinhuanet.com,Chrysler,300M,2004,164786.93
911,Melisenda,Codron,mcodronpa@1688.com,Lexus,GS,1994,560344.88
912,Drucie,Robus,drobuspb@nature.com,BMW,5 Series,2011,19901.88
913,Jarvis,Cirlos,jcirlospc@google.nl,Lexus,ES,2006,528509.79
914,Renate,Antwis,rantwispd@sphinn.com,Chevrolet,Silverado 1500,2010,957638.01
915,Sisely,Mertsching,smertschingpe@histats.com,Lincoln,Town Car,2010,285754.46
916,Lennie,Goldby,lgoldbypf@drupal.org,Mercedes-Benz,SL-Class,1997,492490.75
917,Eirena,Minshall,eminshallpg@elpais.com,Ford,Tempo,1991,801149.64
918,Shaylynn,Storie,sstorieph@ihg.com,Chevrolet,Silverado 3500,2007,462278.01
919,Cherin,Attwater,cattwaterpi@printfriendly.com,Ford,E250,2007,417877.6
920,Isa,Faherty,ifahertypj@mit.edu,Chevrolet,Suburban 2500,2010,869919.39
921,Brian,Sleeman,bsleemanpk@jiathis.com,Chevrolet,Equinox,2008,70809.66
922,Angelle,Stuck,astuckpl@shareasale.com,Toyota,Corolla,1996,303799.69
923,Alastair,Beneteau,abeneteaupm@fda.gov,Mercedes-Benz,SL-Class,1990,294307.49
924,Gusta,Duesberry,gduesberrypn@shop-pro.jp,Chevrolet,G-Series G20,1995,136277.45
925,Jolyn,Schimank,jschimankpo@constantcontact.com,Pontiac,Bonneville,1968,799153.33
926,Brose,Queste,bquestepp@nature.com,Chevrolet,Corvette,1995,188432.32
927,Loree,Le Houx,llehouxpq@stumbleupon.com,Volvo,S70,1999,556508.54
928,Eulalie,Di Ruggero,ediruggeropr@paginegialle.it,Dodge,Charger,1968,934829.79
929,Cybill,Piscotti,cpiscottips@latimes.com,Dodge,Charger,2006,713102.81
930,Mamie,Duley,mduleypt@sun.com,Chrysler,LHS,1999,260287.99
931,Amalee,Honig,ahonigpu@statcounter.com,Ford,Taurus,1995,694744.2
932,Faulkner,Schoolfield,fschoolfieldpv@oakley.com,GMC,Yukon,2007,524992.85
933,Margareta,Dunleavy,mdunleavypw@surveymonkey.com,BMW,M3,2001,579714.17
934,Wanda,Pavlishchev,wpavlishchevpx@japanpost.jp,GMC,Yukon XL 1500,2012,350999.21
935,Bernadette,Braams,bbraamspy@bizjournals.com,Audi,S6,2007,404216.83
936,Rozalie,Laker,rlakerpz@tripadvisor.com,Lexus,GX,2012,526563.75
937,Lynne,Tidmas,ltidmasq0@bigcartel.com,BMW,M,2000,739004.04
938,Nichols,Klimczak,nklimczakq1@netvibes.com,Ford,Galaxie,1966,274398.19
939,Kleon,Benzi,kbenziq2@sun.com,GMC,Vandura G2500,1995,541104.12
940,Kaitlyn,Bocken,kbockenq3@google.com,Mercedes-Benz,E-Class,1994,370646.14
941,Flori,Mielnik,fmielnikq4@goodreads.com,Chevrolet,Corvette,1955,809584.19
942,Ranna,Ainge,raingeq5@gravatar.com,Subaru,Loyale,1991,311972.29
943,Marcia,Boam,mboamq6@java.com,GMC,Sonoma,2003,378190.22
944,Redd,Yancey,ryanceyq7@mlb.com,Toyota,Tacoma Xtra,2000,52224.43
945,Uriel,Foxton,ufoxtonq8@blogspot.com,Chevrolet,Camaro,1996,983960.42
946,Clayborn,Darwin,cdarwinq9@barnesandnoble.com,GMC,Suburban 1500,1997,236950.47
947,Ardene,Geddes,ageddesqa@tinypic.com,Buick,Special,1962,826464.86
948,Joelle,Stones,jstonesqb@cmu.edu,Toyota,Previa,1991,820111.18
949,Collette,Rearden,creardenqc@marriott.com,Hyundai,Scoupe,1992,868307.67
950,Rose,Bowry,rbowryqd@mit.edu,Pontiac,Grand Am,1999,704267.53
951,Arden,Skyppe,askyppeqe@hostgator.com,Chevrolet,Monte Carlo,2000,117025.13
952,Carlos,MacAindreis,cmacaindreisqf@wsj.com,Mercury,Cougar,1997,50600.79
953,Rochell,Langtree,rlangtreeqg@baidu.com,Bentley,Continental Flying Spur,2010,445125.23
954,Abagael,Teulier,ateulierqh@dailymail.co.uk,Buick,Roadmaster,1992,848774.07
955,Gwendolyn,Rawdall,grawdallqi@sina.com.cn,Maserati,Quattroporte,2008,105625.91
956,Raimund,Nansom,rnansomqj@fda.gov,Cadillac,DeVille,1997,147787.54
957,Dorothea,Priddy,dpriddyqk@google.it,Toyota,Tacoma Xtra,2004,43549.24
958,Konrad,Quartermaine,kquartermaineql@linkedin.com,Mercedes-Benz,SLR McLaren,2008,497761.15
959,Cheryl,Hiland,chilandqm@domainmarket.com,Toyota,T100,1993,936945.1
960,Lydon,Dowker,ldowkerqn@narod.ru,Lexus,SC,2010,277295.9
961,Bernelle,Burnsell,bburnsellqo@51.la,Toyota,4Runner,2004,666829.7
962,Rodolph,Crafter,rcrafterqp@fema.gov,Isuzu,Rodeo,1996,956091.63
963,Aloisia,Hortop,ahortopqq@engadget.com,Suzuki,Esteem,1995,72452.47
964,Tobin,Siddeley,tsiddeleyqr@go.com,Nissan,Versa,2011,399644.14
965,Robinetta,Hodjetts,rhodjettsqs@indiatimes.com,Mitsubishi,Pajero,1996,12600.99
966,Petunia,Surmeir,psurmeirqt@hugedomains.com,Pontiac,Firebird,1985,292688.78
967,Pedro,Macilhench,pmacilhenchqu@theatlantic.com,Buick,LaCrosse,2011,425491.07
968,Burch,Rocks,brocksqv@mozilla.org,Volvo,V40,2003,987532.34
969,Alisha,Callf,acallfqw@fda.gov,BMW,5 Series,2007,968532.96
970,Danica,Peckitt,dpeckittqx@sitemeter.com,Ford,Bronco,1985,621253.76
971,Avery,Procter,aprocterqy@fc2.com,Mitsubishi,Endeavor,2007,420091.63
972,Sibyl,Trobridge,strobridgeqz@youku.com,Honda,Insight,2003,819426.95
973,Pedro,Seligson,pseligsonr0@simplemachines.org,Mazda,Mazda6,2010,113446.52
974,Rollins,McCrea,rmccrear1@ustream.tv,Chevrolet,Impala,1995,61414.7
975,Malanie,O'Hallihane,mohallihaner2@meetup.com,Nissan,Altima,2006,841435.34
976,Rhiamon,Woodham,rwoodhamr3@drupal.org,Acura,NSX,2003,653991.38
977,Bendicty,Catanheira,bcatanheirar4@macromedia.com,Lincoln,Town Car,2009,498130.57
978,Marla,Le Grice,mlegricer5@hatena.ne.jp,Mitsubishi,3000GT,1998,302840.89
979,Egor,Soeiro,esoeiror6@sakura.ne.jp,Mazda,323,1994,911341.24
980,Wyatan,Lockett,wlockettr7@bigcartel.com,Honda,Passport,2000,996029.38
981,Xerxes,Frake,xfraker8@ycombinator.com,Mercedes-Benz,C-Class,1994,528978.91
982,Loren,MacCoughan,lmaccoughanr9@google.es,Chevrolet,Suburban 1500,1997,95391.84
983,Andie,Skoyles,askoylesra@123-reg.co.uk,Audi,R8,2010,384498.66
984,Aeriell,Crumley,acrumleyrb@pagesperso-orange.fr,Saab,9-3,2006,643042.72
985,Nana,Duncan,nduncanrc@usa.gov,Subaru,Impreza,2007,215397.76
986,Gabie,Cullrford,gcullrfordrd@economist.com,Kia,Forte,2010,64002.32
987,Arlana,Clawsley,aclawsleyre@webeden.co.uk,Acura,SLX,1998,980874.18
988,Devan,Howman,dhowmanrf@purevolume.com,Mercedes-Benz,SLK-Class,2004,910578.27
989,Colan,McGillivray,cmcgillivrayrg@a8.net,BMW,M5,2006,523610.98
990,Farica,Linford,flinfordrh@seattletimes.com,Isuzu,Axiom,2004,482702.52
991,Gaby,Wackett,gwackettri@about.com,Mercury,Tracer,1996,547879.9
992,Aurilia,Petrecz,apetreczrj@surveymonkey.com,Dodge,Caravan,1997,113724.37
993,Matthaeus,Sandars,msandarsrk@ebay.com,Volvo,V70,2010,680321.83
994,Nikoletta,Nathon,nnathonrl@ning.com,GMC,Savana 2500,2003,607291.34
995,Theresita,Leuty,tleutyrm@chronoengine.com,Scion,tC,2011,342550.99
996,Tersina,Umpleby,tumplebyrn@loc.gov,Dodge,D350,1993,631545.76
997,Esdras,Goede,egoedero@bbb.org,Honda,Pilot,2003,112633.56
998,Tootsie,Cridlon,tcridlonrp@goodreads.com,Toyota,Paseo,1993,733706.55
999,Hastie,Brinsford,hbrinsfordrq@ebay.co.uk,Oldsmobile,Bravada,2000,216374.86
1000,Fair,Malenoir,fmalenoirrr@indiegogo.com,Pontiac,G6,2010,19111.78
